driverId,url,givenName,familyName,dateOfBirth,nationality,permanentNumber,code
abate,http://en.wikipedia.org/wiki/Carlo_Mario_Abate,Carlo,Abate,7/10/32,Italian,,
abecassis,http://en.wikipedia.org/wiki/George_Abecassis,George,Abecassis,3/21/13,British,,
acheson,http://en.wikipedia.org/wiki/Kenny_Acheson,Kenny,Acheson,11/27/57,British,,
adams,http://en.wikipedia.org/wiki/Philippe_Adams,Philippe,Adams,11/19/69,Belgian,,
ader,http://en.wikipedia.org/wiki/Walt_Ader,Walt,Ader,12/15/13,American,,
adolff,http://en.wikipedia.org/wiki/Kurt_Adolff,Kurt,Adolff,11/5/21,German,,
agabashian,http://en.wikipedia.org/wiki/Fred_Agabashian,Fred,Agabashian,8/21/13,American,,
ahrens,"http://en.wikipedia.org/wiki/Kurt_Ahrens,_Jr.",Kurt,Ahrens,4/19/40,German,,
aitken,http://en.wikipedia.org/wiki/Jack_Aitken,Jack,Aitken,9/23/95,British,89,AIT
albers,http://en.wikipedia.org/wiki/Christijan_Albers,Christijan,Albers,4/16/79,Dutch,,ALB
albon,http://en.wikipedia.org/wiki/Alexander_Albon,Alexander,Albon,3/23/96,Thai,23,ALB
alboreto,http://en.wikipedia.org/wiki/Michele_Alboreto,Michele,Alboreto,12/23/56,Italian,,
alesi,http://en.wikipedia.org/wiki/Jean_Alesi,Jean,Alesi,6/11/64,French,,
alguersuari,http://en.wikipedia.org/wiki/Jaime_Alguersuari,Jaime,Alguersuari,3/23/90,Spanish,,ALG
alliot,http://en.wikipedia.org/wiki/Philippe_Alliot,Philippe,Alliot,7/27/54,French,,
allison,http://en.wikipedia.org/wiki/Cliff_Allison,Cliff,Allison,2/8/32,British,,
alonso,http://en.wikipedia.org/wiki/Fernando_Alonso,Fernando,Alonso,7/29/81,Spanish,14,ALO
amati,http://en.wikipedia.org/wiki/Giovanna_Amati,Giovanna,Amati,7/20/59,Italian,,
amick,http://en.wikipedia.org/wiki/Red_Amick,Red,Amick,1/19/29,American,,
george_amick,http://en.wikipedia.org/wiki/George_Amick,George,Amick,10/24/24,American,,
amon,http://en.wikipedia.org/wiki/Chris_Amon,Chris,Amon,7/20/43,New Zealander,,
anderson,http://en.wikipedia.org/wiki/Bob_Anderson_(racing_driver),Bob,Anderson,5/19/31,British,,
andersson,http://en.wikipedia.org/wiki/Conny_Andersson_(racing_driver),Conny,Andersson,12/28/39,Swedish,,
andretti,http://en.wikipedia.org/wiki/Michael_Andretti,Michael,Andretti,10/5/62,American,,
mario_andretti,http://en.wikipedia.org/wiki/Mario_Andretti,Mario,Andretti,2/28/40,American,,
andrews,http://en.wikipedia.org/wiki/Keith_Andrews_(driver),Keith,Andrews,6/15/20,American,,
apicella,http://en.wikipedia.org/wiki/Marco_Apicella,Marco,Apicella,10/7/65,Italian,,
armi,http://en.wikipedia.org/wiki/Frank_Armi,Frank,Armi,10/12/18,American,,
arnold,http://en.wikipedia.org/wiki/Chuck_Arnold,Chuck,Arnold,5/30/26,American,,
arnoux,http://en.wikipedia.org/wiki/Ren%C3%A9_Arnoux,René,Arnoux,7/4/48,French,,
arundell,http://en.wikipedia.org/wiki/Peter_Arundell,Peter,Arundell,11/8/33,British,,
ascari,http://en.wikipedia.org/wiki/Alberto_Ascari,Alberto,Ascari,7/13/18,Italian,,
ashdown,http://en.wikipedia.org/wiki/Peter_Ashdown,Peter,Ashdown,10/16/34,British,,
ashley,http://en.wikipedia.org/wiki/Ian_Ashley,Ian,Ashley,10/26/47,British,,
ashmore,http://en.wikipedia.org/wiki/Gerry_Ashmore,Gerry,Ashmore,7/25/36,British,,
aston,http://en.wikipedia.org/wiki/Bill_Aston,Bill,Aston,3/29/00,British,,
attwood,http://en.wikipedia.org/wiki/Richard_Attwood,Richard,Attwood,4/4/40,British,,
ayulo,http://en.wikipedia.org/wiki/Manny_Ayulo,Manny,Ayulo,10/20/21,American,,
badoer,http://en.wikipedia.org/wiki/Luca_Badoer,Luca,Badoer,1/25/71,Italian,,BAD
baghetti,http://en.wikipedia.org/wiki/Giancarlo_Baghetti,Giancarlo,Baghetti,12/25/34,Italian,,
bailey,http://en.wikipedia.org/wiki/Julian_Bailey,Julian,Bailey,10/9/61,British,,
baldi,http://en.wikipedia.org/wiki/Mauro_Baldi,Mauro,Baldi,1/31/54,Italian,,
ball,http://en.wikipedia.org/wiki/Bobby_Ball_(auto_racer),Bobby,Ball,8/26/25,American,,
balsa,http://en.wikipedia.org/wiki/Marcel_Balsa,Marcel,Balsa,1/1/09,French,,
bandini,http://en.wikipedia.org/wiki/Lorenzo_Bandini,Lorenzo,Bandini,12/21/35,Italian,,
banks,http://en.wikipedia.org/wiki/Henry_Banks,Henry,Banks,6/14/13,American,,
barbazza,http://en.wikipedia.org/wiki/Fabrizio_Barbazza,Fabrizio,Barbazza,4/2/63,Italian,,
barber,http://en.wikipedia.org/wiki/Skip_Barber,Skip,Barber,11/16/36,American,,
john_barber,http://en.wikipedia.org/wiki/John_Barber_(racing_driver),John,Barber,7/22/29,British,,
barilla,http://en.wikipedia.org/wiki/Paolo_Barilla,Paolo,Barilla,4/20/61,Italian,,
barrichello,http://en.wikipedia.org/wiki/Rubens_Barrichello,Rubens,Barrichello,5/23/72,Brazilian,,BAR
bartels,http://en.wikipedia.org/wiki/Michael_Bartels,Michael,Bartels,3/8/68,German,,
barth,http://en.wikipedia.org/wiki/Edgar_Barth,Edgar,Barth,1/26/17,German,,
bassi,http://en.wikipedia.org/wiki/Giorgio_Bassi,Giorgio,Bassi,1/20/34,Italian,,
bauer,http://en.wikipedia.org/wiki/Erwin_Bauer,Erwin,Bauer,7/17/12,German,,
baumgartner,http://en.wikipedia.org/wiki/Zsolt_Baumgartner,Zsolt,Baumgartner,1/1/81,Hungarian,,
bayol,http://en.wikipedia.org/wiki/%C3%89lie_Bayol,Élie,Bayol,2/28/14,French,,
beauman,http://en.wikipedia.org/wiki/Don_Beauman,Don,Beauman,7/26/28,British,,
bechem,http://en.wikipedia.org/wiki/G%C3%BCnther_Bechem,Günther,Bechem,12/21/21,German,,
behra,http://en.wikipedia.org/wiki/Jean_Behra,Jean,Behra,2/16/21,French,,
bell,http://en.wikipedia.org/wiki/Derek_Bell_(auto_racer),Derek,Bell,10/31/41,British,,
bellof,http://en.wikipedia.org/wiki/Stefan_Bellof,Stefan,Bellof,11/20/57,German,,
belmondo,http://en.wikipedia.org/wiki/Paul_Belmondo,Paul,Belmondo,4/23/63,French,,
belso,http://en.wikipedia.org/wiki/Tom_Bels%C3%B8,Tom,Belsø,8/27/42,Danish,,
beltoise,http://en.wikipedia.org/wiki/Jean-Pierre_Beltoise,Jean-Pierre,Beltoise,4/26/37,French,,
beretta,http://en.wikipedia.org/wiki/Olivier_Beretta,Olivier,Beretta,11/23/69,Monegasque,,
berg,http://en.wikipedia.org/wiki/Allen_Berg,Allen,Berg,8/1/61,Canadian,,
berger,http://en.wikipedia.org/wiki/Gerhard_Berger,Gerhard,Berger,8/27/59,Austrian,,
georges_berger,http://en.wikipedia.org/wiki/Georges_Berger,Georges,Berger,9/14/18,Belgian,,
bernard,http://en.wikipedia.org/wiki/%C3%89ric_Bernard,Éric,Bernard,8/24/64,French,,
bernoldi,http://en.wikipedia.org/wiki/Enrique_Bernoldi,Enrique,Bernoldi,10/19/78,Brazilian,,
bertaggia,http://en.wikipedia.org/wiki/Enrico_Bertaggia,Enrico,Bertaggia,9/19/64,Italian,,
bettenhausen,http://en.wikipedia.org/wiki/Tony_Bettenhausen,Tony,Bettenhausen,9/12/16,American,,
beuttler,http://en.wikipedia.org/wiki/Mike_Beuttler,Mike,Beuttler,4/13/40,British,,
bianchi,http://en.wikipedia.org/wiki/Lucien_Bianchi,Lucien,Bianchi,11/10/34,Belgian,,BIA
jules_bianchi,http://en.wikipedia.org/wiki/Jules_Bianchi,Jules,Bianchi,8/3/89,French,17,BIA
bianco,http://en.wikipedia.org/wiki/Gino_Bianco,Gino,Bianco,7/22/16,Brazilian,,
binder,http://en.wikipedia.org/wiki/Hans_Binder,Hans,Binder,6/12/48,Austrian,,
biondetti,http://en.wikipedia.org/wiki/Clemente_Biondetti,Clemente,Biondetti,1898-08-18,Italian,,
bira,http://en.wikipedia.org/wiki/Prince_Bira,Prince,Bira,7/15/14,Thai,,
birger,http://en.wikipedia.org/wiki/Pablo_Birger,Pablo,Birger,1/7/24,Argentine,,
bisch,http://en.wikipedia.org/wiki/Art_Bisch,Art,Bisch,11/10/26,American,,
blanchard,http://en.wikipedia.org/wiki/Harry_Blanchard,Harry,Blanchard,6/13/29,American,,
bleekemolen,http://en.wikipedia.org/wiki/Michael_Bleekemolen,Michael,Bleekemolen,10/2/49,Dutch,,
blignaut,http://en.wikipedia.org/wiki/Alex_Blignaut,Alex,Blignaut,11/30/32,South African,,
blokdyk,http://en.wikipedia.org/wiki/Trevor_Blokdyk,Trevor,Blokdyk,11/30/35,South African,,
blundell,http://en.wikipedia.org/wiki/Mark_Blundell,Mark,Blundell,4/8/66,British,,
boesel,http://en.wikipedia.org/wiki/Raul_Boesel,Raul,Boesel,12/4/57,Brazilian,,
boffa,http://en.wikipedia.org/wiki/Menato_Boffa,Menato,Boffa,1/4/30,Italian,,
bondurant,http://en.wikipedia.org/wiki/Bob_Bondurant,Bob,Bondurant,4/27/33,American,,
bonetto,http://en.wikipedia.org/wiki/Felice_Bonetto,Felice,Bonetto,6/9/03,Italian,,
bonnier,http://en.wikipedia.org/wiki/Joakim_Bonnier,Jo,Bonnier,1/31/30,Swedish,,
bonomi,http://en.wikipedia.org/wiki/Roberto_Bonomi,Roberto,Bonomi,9/30/19,Argentine,,
bordeu,http://en.wikipedia.org/wiki/Juan_Manuel_Bordeu,Juan Manuel,Bordeu,1/28/34,Argentine,,
borgudd,http://en.wikipedia.org/wiki/Slim_Borgudd,Slim,Borgudd,11/25/46,Swedish,,
botha,http://en.wikipedia.org/wiki/Luki_Botha,Luki,Botha,1/16/30,South African,,
bottas,http://en.wikipedia.org/wiki/Valtteri_Bottas,Valtteri,Bottas,8/28/89,Finnish,77,BOT
boullion,http://en.wikipedia.org/wiki/Jean-Christophe_Boullion,Jean-Christophe,Boullion,12/27/69,French,,
bourdais,http://en.wikipedia.org/wiki/S%C3%A9bastien_Bourdais,Sébastien,Bourdais,2/28/79,French,,BOU
boutsen,http://en.wikipedia.org/wiki/Thierry_Boutsen,Thierry,Boutsen,7/13/57,Belgian,,
boyd,http://en.wikipedia.org/wiki/Johnny_Boyd,Johnny,Boyd,8/19/26,American,,
brabham,http://en.wikipedia.org/wiki/David_Brabham,David,Brabham,9/5/65,Australian,,
gary_brabham,http://en.wikipedia.org/wiki/Gary_Brabham,Gary,Brabham,3/29/61,Australian,,
jack_brabham,http://en.wikipedia.org/wiki/Jack_Brabham,Jack,Brabham,4/2/26,Australian,,
brack,http://en.wikipedia.org/wiki/Bill_Brack,Bill,Brack,12/26/35,Canadian,,
brambilla,http://en.wikipedia.org/wiki/Vittorio_Brambilla,Vittorio,Brambilla,11/11/37,Italian,,
ernesto_brambilla,http://en.wikipedia.org/wiki/Ernesto_Brambilla,Ernesto,Brambilla,1/31/34,Italian,,
branca,http://en.wikipedia.org/wiki/Toni_Branca,Toni,Branca,9/15/16,Swiss,,
brancatelli,http://en.wikipedia.org/wiki/Gianfranco_Brancatelli,Gianfranco,Brancatelli,1/18/50,Italian,,
brandon,http://en.wikipedia.org/wiki/Eric_Brandon,Eric,Brandon,7/18/20,British,,
branson,http://en.wikipedia.org/wiki/Don_Branson,Don,Branson,6/2/20,American,,
bridger,http://en.wikipedia.org/wiki/Tom_Bridger,Tom,Bridger,6/24/34,British,,
brise,http://en.wikipedia.org/wiki/Tony_Brise,Tony,Brise,3/28/52,British,,
bristow,http://en.wikipedia.org/wiki/Chris_Bristow,Chris,Bristow,12/2/37,British,,
broeker,http://en.wikipedia.org/wiki/Peter_Broeker,Peter,Broeker,5/15/26,Canadian,,
brooks,http://en.wikipedia.org/wiki/Tony_Brooks,Tony,Brooks,2/25/32,British,,
alan_brown,http://en.wikipedia.org/wiki/Alan_Brown_(racing_driver),Alan,Brown,11/20/19,British,,
walt_brown,http://en.wikipedia.org/wiki/Walt_Brown_(auto_racer),Walt,Brown,12/30/11,American,,
brown,http://en.wikipedia.org/wiki/Warwick_Brown,Warwick,Brown,12/24/49,Australian,,
brudes,http://en.wikipedia.org/wiki/Adolf_Brudes,Adolf,Brudes,1899-10-15,German,,
brundle,http://en.wikipedia.org/wiki/Martin_Brundle,Martin,Brundle,6/1/59,British,,
bruni,http://en.wikipedia.org/wiki/Gianmaria_Bruni,Gianmaria,Bruni,5/30/81,Italian,,
bryan,http://en.wikipedia.org/wiki/Jimmy_Bryan,Jimmy,Bryan,1/28/26,American,,
bucci,http://en.wikipedia.org/wiki/Clemar_Bucci,Clemar,Bucci,9/4/20,Argentine,,
bucknum,http://en.wikipedia.org/wiki/Ronnie_Bucknum,Ronnie,Bucknum,4/5/36,American,,
bueb,http://en.wikipedia.org/wiki/Ivor_Bueb,Ivor,Bueb,6/6/23,British,,
buemi,http://en.wikipedia.org/wiki/S%C3%A9bastien_Buemi,Sébastien,Buemi,10/31/88,Swiss,,BUE
bueno,http://en.wikipedia.org/wiki/Luiz_Bueno,Luiz,Bueno,1/16/37,Brazilian,,
burgess,http://en.wikipedia.org/wiki/Ian_Burgess,Ian,Burgess,7/6/30,British,,
burti,http://en.wikipedia.org/wiki/Luciano_Burti,Luciano,Burti,3/5/75,Brazilian,,
bussinello,http://en.wikipedia.org/wiki/Roberto_Bussinello,Roberto,Bussinello,10/4/27,Italian,,
button,http://en.wikipedia.org/wiki/Jenson_Button,Jenson,Button,1/19/80,British,22,BUT
byrne,http://en.wikipedia.org/wiki/Tommy_Byrne_%28racing_driver%29,Tommy,Byrne,5/6/58,Irish,,
cabantous,http://en.wikipedia.org/wiki/Yves_Giraud_Cabantous,Yves,Cabantous,10/8/04,French,,
cabianca,http://en.wikipedia.org/wiki/Giulio_Cabianca,Giulio,Cabianca,2/19/23,Italian,,
cabral,http://en.wikipedia.org/wiki/Mario_de_Araujo_Cabral,Mário de Araújo,Cabral,1/15/34,Portuguese,,
cade,http://en.wikipedia.org/wiki/Phil_Cade,Phil,Cade,6/12/16,American,,
caffi,http://en.wikipedia.org/wiki/Alex_Caffi,Alex,Caffi,3/18/64,Italian,,
campbell-jones,http://en.wikipedia.org/wiki/John_Campbell-Jones,John,Campbell-Jones,1/21/30,British,,
campos,http://en.wikipedia.org/wiki/Adri%C3%A1n_Campos,Adrián,Campos,6/17/60,Spanish,,
Cannoc,http://en.wikipedia.org/wiki/John_Cannon_(auto_racer),John,Cannon,6/21/33,Canadian,,
cantoni,http://en.wikipedia.org/wiki/Eitel_Cantoni,Eitel,Cantoni,10/4/06,Uruguayan,,
cantrell,http://en.wikipedia.org/wiki/William_Cantrell,Bill,Cantrell,1/31/08,American,,
capelli,http://en.wikipedia.org/wiki/Ivan_Capelli,Ivan,Capelli,5/24/63,Italian,,
carini,http://en.wikipedia.org/wiki/Piero_Carini,Piero,Carini,3/6/21,Italian,,
darter,http://en.wikipedia.org/wiki/Duane_Carter,Duane,Carter,5/5/13,American,,
castellotti,http://en.wikipedia.org/wiki/Eugenio_Castellotti,Eugenio,Castellotti,10/10/30,Italian,,
cecotto,http://en.wikipedia.org/wiki/Johnny_Cecotto,Johnny,Cecotto,1/25/56,Venezuelan,,
cevert,http://en.wikipedia.org/wiki/Fran%C3%A7ois_Cevert,François,Cevert,2/25/44,French,,
chaboud,http://en.wikipedia.org/wiki/Eug%C3%A8ne_Chaboud,Eugène,Chaboud,4/12/07,French,,
chamberlain,http://en.wikipedia.org/wiki/Jay_Chamberlain,Jay,Chamberlain,12/29/25,American,,
chandhok,http://en.wikipedia.org/wiki/Karun_Chandhok,Karun,Chandhok,1/19/84,Indian,,CHA
chapman,http://en.wikipedia.org/wiki/Colin_Chapman,Colin,Chapman,5/19/28,British,,
charlton,http://en.wikipedia.org/wiki/Dave_Charlton,Dave,Charlton,10/27/36,South African,,
chaves,http://en.wikipedia.org/wiki/Pedro_Chaves,Pedro,Chaves,2/27/65,Portuguese,,
cheesbourg,http://en.wikipedia.org/wiki/Bill_Cheesbourg,Bill,Cheesbourg,6/12/27,American,,
cheever,http://en.wikipedia.org/wiki/Eddie_Cheever,Eddie,Cheever,1/10/58,American,,
chiesa,http://en.wikipedia.org/wiki/Andrea_Chiesa,Andrea,Chiesa,5/6/64,Swiss,,
chilton,http://en.wikipedia.org/wiki/Max_Chilton,Max,Chilton,4/21/91,British,4,CHI
chimeri,http://en.wikipedia.org/wiki/Ettore_Chimeri,Ettore,Chimeri,6/4/21,Venezuelan,,
chiron,http://en.wikipedia.org/wiki/Louis_Chiron,Louis,Chiron,1899-08-03,Monegasque,,
chitwood,http://en.wikipedia.org/wiki/Joie_Chitwood,Joie,Chitwood,4/14/12,American,,
christie,http://en.wikipedia.org/wiki/Bob_Christie_(racing_driver),Bob,Christie,4/4/24,American,,
claes,http://en.wikipedia.org/wiki/Johnny_Claes,Johnny,Claes,8/11/16,Belgian,,
clapham,http://en.wikipedia.org/wiki/David_Clapham,David,Clapham,5/18/31,South African,,
clark,http://en.wikipedia.org/wiki/Jim_Clark,Jim,Clark,3/4/36,British,,
cogan,http://en.wikipedia.org/wiki/Kevin_Cogan,Kevin,Cogan,3/31/56,American,,
collins,http://en.wikipedia.org/wiki/Peter_Collins_(racing_driver),Peter,Collins,11/6/31,British,,
collomb,http://en.wikipedia.org/wiki/Bernard_Collomb,Bernard,Collomb,10/7/30,French,,
colombo,http://en.wikipedia.org/wiki/Alberto_Colombo,Alberto,Colombo,2/23/46,Italian,,
comas,http://en.wikipedia.org/wiki/%C3%89rik_Comas,Érik,Comas,9/28/63,French,,
comotti,http://en.wikipedia.org/wiki/Franco_Comotti,Franco,Comotti,7/24/06,Italian,,
george_connor,http://en.wikipedia.org/wiki/George_Connor_(driver),George,Connor,8/16/06,American,,
constantine,http://en.wikipedia.org/wiki/George_Constantine,George,Constantine,2/22/18,American,,
cordts,http://en.wikipedia.org/wiki/John_Cordts,John,Cordts,7/23/35,Canadian,,
coulthard,http://en.wikipedia.org/wiki/David_Coulthard,David,Coulthard,3/27/71,British,,COU
courage,http://en.wikipedia.org/wiki/Piers_Courage,Piers,Courage,5/27/42,British,,
craft,http://en.wikipedia.org/wiki/Chris_Craft_(racing_driver),Chris,Craft,11/17/39,British,,
crawford,http://en.wikipedia.org/wiki/Jim_Crawford_(driver),Jim,Crawford,2/13/48,British,,
ray_crawford,http://en.wikipedia.org/wiki/Ray_Crawford,Ray,Crawford,10/26/15,American,,
crespo,http://en.wikipedia.org/wiki/Alberto_Crespo,Alberto,Crespo,1/16/20,Argentine,,
creus,http://en.wikipedia.org/wiki/Antonio_Creus,Antonio,Creus,10/28/24,Spanish,,
crockett,http://en.wikipedia.org/wiki/Larry_Crockett,Larry,Crockett,10/23/26,American,,
crook,http://en.wikipedia.org/wiki/Tony_Crook,Tony,Crook,2/16/20,British,,
cross,http://en.wikipedia.org/wiki/Art_Cross,Art,Cross,1/24/18,American,,
crossley,http://en.wikipedia.org/wiki/Geoff_Crossley,Geoff,Crossley,5/11/21,British,,
cruz,http://en.wikipedia.org/wiki/Adolfo_Schewelm_Cruz,Adolfo,Cruz,6/28/23,Argentine,,
ambrosio,http://en.wikipedia.org/wiki/J%C3%A9r%C3%B4me_d%27Ambrosio,Jérôme,d'Ambrosio,12/27/85,Belgian,,DAM
orey,http://en.wikipedia.org/wiki/Fritz_d%27Orey,Fritz,d'Orey,3/25/38,Brazilian,,
matta,http://en.wikipedia.org/wiki/Cristiano_da_Matta,Cristiano,da Matta,9/19/73,Brazilian,,
ramos,http://en.wikipedia.org/wiki/Hernando_da_Silva_Ramos,Hernando,da Silva Ramos,12/7/25,Brazilian,,
daigh,http://en.wikipedia.org/wiki/Chuck_Daigh,Chuck,Daigh,11/29/23,American,,
dalmas,http://en.wikipedia.org/wiki/Yannick_Dalmas,Yannick,Dalmas,7/28/61,French,,
daly,http://en.wikipedia.org/wiki/Derek_Daly,Derek,Daly,3/11/53,Irish,,
danner,http://en.wikipedia.org/wiki/Christian_Danner,Christian,Danner,4/4/58,German,,
daponte,http://en.wikipedia.org/wiki/Jorge_Daponte,Jorge,Daponte,6/5/23,Argentine,,
davidson,http://en.wikipedia.org/wiki/Anthony_Davidson,Anthony,Davidson,4/18/79,British,,DAV
davies,http://en.wikipedia.org/wiki/Jimmy_Davies,Jimmy,Davies,8/8/29,American,,
davis,http://en.wikipedia.org/wiki/Colin_Davis_(driver),Colin,Davis,7/29/33,British,,
daywalt,http://en.wikipedia.org/wiki/Jimmy_Daywalt,Jimmy,Daywalt,8/28/24,American,,
adamich,http://en.wikipedia.org/wiki/Andrea_de_Adamich,Andrea,de Adamich,10/3/41,Italian,,
angelis,http://en.wikipedia.org/wiki/Elio_de_Angelis,Elio,de Angelis,3/26/58,Italian,,
beaufort,http://en.wikipedia.org/wiki/Carel_Godin_de_Beaufort,Carel Godin,de Beaufort,4/10/34,Dutch,,
cesaris,http://en.wikipedia.org/wiki/Andrea_de_Cesaris,Andrea,de Cesaris,5/31/59,Italian,,
Changy,http://en.wikipedia.org/wiki/Alain_de_Changy,Alain,de Changy,2/5/22,Belgian,,
dryver,http://en.wikipedia.org/wiki/Bernard_de_Dryver,Bernard,de Dryver,9/19/52,Belgian,,
filippis,http://en.wikipedia.org/wiki/Maria_Teresa_de_Filippis,Maria,de Filippis,11/11/26,Italian,,
graffenried,http://en.wikipedia.org/wiki/Toulo_de_Graffenried,Toulo,de Graffenried,5/18/14,Swiss,,
klerk,http://en.wikipedia.org/wiki/Peter_de_Klerk,Peter,de Klerk,3/16/35,South African,,
rosa,http://en.wikipedia.org/wiki/Pedro_de_la_Rosa,Pedro,de la Rosa,2/24/71,Spanish,,DLR
portago,http://en.wikipedia.org/wiki/Alfonso_de_Portago,Alfonso,de Portago,10/11/28,Spanish,,
riu,http://en.wikipedia.org/wiki/Giovanni_de_Riu,Giovanni,de Riu,3/10/25,Italian,,
terra,http://en.wikipedia.org/wiki/Max_de_Terra,Max,de Terra,10/6/18,Swiss,,
tomaso,http://en.wikipedia.org/wiki/Alessandro_de_Tomaso,Alessandro,de Tomaso,7/10/28,Argentine-Italian,,
tornaco,http://en.wikipedia.org/wiki/Charles_de_Tornaco,Charles,de Tornaco,6/7/27,Belgian,,
villota,http://en.wikipedia.org/wiki/Emilio_de_Villota,Emilio,de Villota,7/26/46,Spanish,,
vos,http://en.wikipedia.org/wiki/Ernie_de_Vos,Ernie,de Vos,7/1/41,Dutch,,
de_vries,http://en.wikipedia.org/wiki/Nyck_de_Vries,Nyck,de Vries,2/6/95,Dutch,21,DEV
deletraz,http://en.wikipedia.org/wiki/Jean-Denis_Deletraz,Jean-Denis,Délétraz,10/1/63,Swiss,,
depailler,http://en.wikipedia.org/wiki/Patrick_Depailler,Patrick,Depailler,8/9/44,French,,
grassi,http://en.wikipedia.org/wiki/Lucas_di_Grassi,Lucas,di Grassi,8/11/84,Brazilian,,DIG
resta,http://en.wikipedia.org/wiki/Paul_di_Resta,Paul,di Resta,4/16/86,British,40,DIR
diniz,http://en.wikipedia.org/wiki/Pedro_Diniz,Pedro,Diniz,5/22/70,Brazilian,,
dinsmore,http://en.wikipedia.org/wiki/Duke_Dinsmore,Duke,Dinsmore,4/10/13,American,,
dochnal,http://en.wikipedia.org/wiki/Frank_Dochnal,Frank,Dochnal,10/8/20,American,,
dolhem,http://en.wikipedia.org/wiki/Jos%C3%A9_Dolhem,José,Dolhem,4/26/44,French,,
donnelly,http://en.wikipedia.org/wiki/Martin_Donnelly_(racing_driver),Martin,Donnelly,3/26/64,British,,
donohue,http://en.wikipedia.org/wiki/Mark_Donohue,Mark,Donohue,3/18/37,American,,
doornbos,http://en.wikipedia.org/wiki/Robert_Doornbos,Robert,Doornbos,9/23/81,Dutch,,DOO
downing,http://en.wikipedia.org/wiki/Ken_Downing,Ken,Downing,12/5/17,British,,
drake,http://en.wikipedia.org/wiki/Bob_Drake_(Formula_One),Bob,Drake,12/14/19,American,,
driver,http://en.wikipedia.org/wiki/Paddy_Driver,Paddy,Driver,5/13/34,South African,,
drogo,http://en.wikipedia.org/wiki/Piero_Drogo,Piero,Drogo,8/8/26,Italian,,
duke,http://en.wikipedia.org/wiki/Geoff_Duke,Geoff,Duke,3/29/23,British,,
dumfries,http://en.wikipedia.org/wiki/Johnny_Dumfries,Johnny,Dumfries,4/26/58,British,,
duncan,http://en.wikipedia.org/wiki/Len_Duncan,Len,Duncan,7/25/11,American,,
dusio,http://en.wikipedia.org/wiki/Piero_Dusio,Piero,Dusio,1899-10-13,Italian,,
eaton,http://en.wikipedia.org/wiki/George_Eaton,George,Eaton,11/12/45,Canadian,,
ecclestone,http://en.wikipedia.org/wiki/Bernie_Ecclestone,Bernie,Ecclestone,10/28/30,British,,
edmunds,http://en.wikipedia.org/wiki/Don_Edmunds,Don,Edmunds,9/23/30,American,,
edwards,http://en.wikipedia.org/wiki/Guy_Edwards,Guy,Edwards,12/30/42,British,,
elford,http://en.wikipedia.org/wiki/Vic_Elford,Vic,Elford,6/10/35,British,,
elisian,http://en.wikipedia.org/wiki/Ed_Elisian,Ed,Elisian,12/9/26,American,,
emery,http://en.wikipedia.org/wiki/Paul_Emery,Paul,Emery,11/12/16,British,,
enge,http://en.wikipedia.org/wiki/Tom%C3%A1%C5%A1_Enge,Tomáš,Enge,9/11/76,Czech,,
england,http://en.wikipedia.org/wiki/Paul_England,Paul,England,3/28/29,Australian,,
ericsson,http://en.wikipedia.org/wiki/Marcus_Ericsson,Marcus,Ericsson,9/2/90,Swedish,9,ERI
ertl,http://en.wikipedia.org/wiki/Harald_Ertl,Harald,Ertl,8/31/48,Austrian,,
estefano,http://en.wikipedia.org/wiki/Nasif_Est%C3%A9fano,Nasif,Estéfano,11/18/32,Argentine,,
etancelin,http://en.wikipedia.org/wiki/Philippe_%C3%89tancelin,Philippe,Étancelin,1896-12-28,French,,
evans,http://en.wikipedia.org/wiki/Bob_Evans_(race_driver),Bob,Evans,6/11/47,British,,
fabi,http://en.wikipedia.org/wiki/Teo_Fabi,Teo,Fabi,3/9/55,Italian,,
corrado_fabi,http://en.wikipedia.org/wiki/Corrado_Fabi,Corrado,Fabi,4/12/61,Italian,,
fabre,http://en.wikipedia.org/wiki/Pascal_Fabre,Pascal,Fabre,1/9/60,French,,
facetti,http://en.wikipedia.org/wiki/Carlo_Facetti,Carlo,Facetti,6/26/35,Italian,,
fagioli,http://en.wikipedia.org/wiki/Luigi_Fagioli,Luigi,Fagioli,1898-06-09,Italian,,
fairman,http://en.wikipedia.org/wiki/Jack_Fairman,Jack,Fairman,3/15/13,British,,
fangio,http://en.wikipedia.org/wiki/Juan_Manuel_Fangio,Juan,Fangio,6/24/11,Argentine,,
farina,http://en.wikipedia.org/wiki/Nino_Farina,Nino,Farina,10/30/06,Italian,,
faulkner,http://en.wikipedia.org/wiki/Walt_Faulkner,Walt,Faulkner,2/16/20,American,,
firman,http://en.wikipedia.org/wiki/Ralph_Firman,Ralph,Firman,5/20/75,Irish,,
fischer,http://en.wikipedia.org/wiki/Rudi_Fischer,Rudi,Fischer,4/19/12,Swiss,,
fisher,http://en.wikipedia.org/wiki/Mike_Fisher_(driver),Mike,Fisher,3/13/43,American,,
fisichella,http://en.wikipedia.org/wiki/Giancarlo_Fisichella,Giancarlo,Fisichella,1/14/73,Italian,,FIS
fitch,http://en.wikipedia.org/wiki/John_Fitch_(driver),John,Fitch,8/4/17,American,,
pietro_fittipaldi,http://en.wikipedia.org/wiki/Pietro_Fittipaldi,Pietro,Fittipaldi,6/25/96,Brazilian,51,FIT
fittipaldi,http://en.wikipedia.org/wiki/Christian_Fittipaldi,Christian,Fittipaldi,1/18/71,Brazilian,,
emerson_fittipaldi,http://en.wikipedia.org/wiki/Emerson_Fittipaldi,Emerson,Fittipaldi,12/12/46,Brazilian,,
wilson_fittipaldi,http://en.wikipedia.org/wiki/Wilson_Fittipaldi,Wilson,Fittipaldi,12/25/43,Brazilian,,
fitzau,http://en.wikipedia.org/wiki/Theo_Fitzau,Theo,Fitzau,2/10/23,East German,,
flaherty,http://en.wikipedia.org/wiki/Pat_Flaherty_(racing_driver),Pat,Flaherty,1/6/26,American,,
flinterman,http://en.wikipedia.org/wiki/Jan_Flinterman,Jan,Flinterman,10/2/19,Dutch,,
flockhart,http://en.wikipedia.org/wiki/Ron_Flockhart_(auto_racing),Ron,Flockhart,6/16/23,British,,
fohr,http://en.wikipedia.org/wiki/Myron_Fohr,Myron,Fohr,6/17/12,American,,
foitek,http://en.wikipedia.org/wiki/Gregor_Foitek,Gregor,Foitek,3/27/65,Swiss,,
follmer,http://en.wikipedia.org/wiki/George_Follmer,George,Follmer,1/27/34,American,,
fonder,http://en.wikipedia.org/wiki/George_Fonder,George,Fonder,6/22/17,American,,
fontana,http://en.wikipedia.org/wiki/Norberto_Fontana,Norberto,Fontana,1/20/75,Argentine,,
fontes,http://en.wikipedia.org/wiki/Azdrubal_Fontes,Azdrubal,Fontes,12/26/22,Uruguayan,,
forberg,http://en.wikipedia.org/wiki/Carl_Forberg,Carl,Forberg,3/4/11,American,,
force,http://en.wikipedia.org/wiki/Gene_Force,Gene,Force,6/15/16,American,,
forini,http://en.wikipedia.org/wiki/Franco_Forini,Franco,Forini,9/22/58,Swiss,,
parker,http://en.wikipedia.org/wiki/Philip_Fotheringham-Parker,Philip,Fotheringham-Parker,9/22/07,British,,
foyt,http://en.wikipedia.org/wiki/A.J._Foyt,Anthony,Foyt,1/16/35,American,,
gimax,http://en.wikipedia.org/wiki/Gimax,Carlo,Franchi,1/1/38,Italian,,
francia,http://en.wikipedia.org/wiki/Giorgio_Francia,Giorgio,Francia,11/8/47,Italian,,
freeland,http://en.wikipedia.org/wiki/Don_Freeland,Don,Freeland,3/25/25,American,,
frentzen,http://en.wikipedia.org/wiki/Heinz-Harald_Frentzen,Heinz-Harald,Frentzen,5/18/67,German,,
frere,http://en.wikipedia.org/wiki/Paul_Fr%C3%A8re,Paul,Frère,1/30/17,Belgian,,
friesacher,http://en.wikipedia.org/wiki/Patrick_Friesacher,Patrick,Friesacher,9/26/80,Austrian,,FRI
fry,http://en.wikipedia.org/wiki/Joe_Fry,Joe,Fry,10/26/15,British,,
fushida,http://en.wikipedia.org/wiki/Hiroshi_Fushida,Hiroshi,Fushida,3/10/46,Japanese,,
gabbiani,http://en.wikipedia.org/wiki/Beppe_Gabbiani,Beppe,Gabbiani,1/2/57,Italian,,
gachot,http://en.wikipedia.org/wiki/Bertrand_Gachot,Bertrand,Gachot,12/23/62,Belgian,,
gaillard,http://en.wikipedia.org/wiki/Patrick_Gaillard,Patrick,Gaillard,2/12/52,French,,
galica,http://en.wikipedia.org/wiki/Divina_Galica,Divina,Galica,8/13/44,British,,
galli,http://en.wikipedia.org/wiki/Nanni_Galli,Nanni,Galli,10/2/40,Italian,,
galvez,http://en.wikipedia.org/wiki/%C3%93scar_Alfredo_G%C3%A1lvez,Oscar,Gálvez,8/17/13,Argentine,,
gamble,http://en.wikipedia.org/wiki/Fred_Gamble_(racing_driver),Fred,Gamble,3/17/32,American,,
ganley,http://en.wikipedia.org/wiki/Howden_Ganley,Howden,Ganley,12/24/41,New Zealander,,
gardner,http://en.wikipedia.org/wiki/Frank_Gardner_(driver),Frank,Gardner,10/1/30,Australian,,
garrett,http://en.wikipedia.org/wiki/Billy_Garrett,Billy,Garrett,4/24/33,American,,
gartner,http://en.wikipedia.org/wiki/Jo_Gartner,Jo,Gartner,1/24/54,Austrian,,
gasly,http://en.wikipedia.org/wiki/Pierre_Gasly,Pierre,Gasly,2/7/96,French,10,GAS
gaze,http://en.wikipedia.org/wiki/Tony_Gaze,Tony,Gaze,2/3/20,Australian,,
gendebien,http://en.wikipedia.org/wiki/Olivier_Gendebien,Olivier,Gendebien,1/12/24,Belgian,,
gene,http://en.wikipedia.org/wiki/Marc_Gen%C3%A9,Marc,Gené,3/29/74,Spanish,,
george,http://en.wikipedia.org/wiki/Elmer_George,Elmer,George,7/15/28,American,,
gerard,http://en.wikipedia.org/wiki/Bob_Gerard,Bob,Gerard,1/19/14,British,,
gerini,http://en.wikipedia.org/wiki/Gerino_Gerini_(racing_driver),Gerino,Gerini,8/10/28,Italian,,
gethin,http://en.wikipedia.org/wiki/Peter_Gethin,Peter,Gethin,2/21/40,British,,
ghinzani,http://en.wikipedia.org/wiki/Piercarlo_Ghinzani,Piercarlo,Ghinzani,1/16/52,Italian,,
giacomelli,http://en.wikipedia.org/wiki/Bruno_Giacomelli,Bruno,Giacomelli,9/10/52,Italian,,
gibson,http://en.wikipedia.org/wiki/Dick_Gibson,Dick,Gibson,4/16/18,British,,
ginther,http://en.wikipedia.org/wiki/Richie_Ginther,Richie,Ginther,8/5/30,American,,
giovinazzi,http://en.wikipedia.org/wiki/Antonio_Giovinazzi,Antonio,Giovinazzi,12/14/93,Italian,99,GIO
giunti,http://en.wikipedia.org/wiki/Ignazio_Giunti,Ignazio,Giunti,8/30/41,Italian,,
glock,http://en.wikipedia.org/wiki/Timo_Glock,Timo,Glock,3/18/82,German,,GLO
godia,http://en.wikipedia.org/wiki/Paco_Godia,Paco,Godia,3/21/21,Spanish,,
goethals,http://en.wikipedia.org/wiki/Christian_Goethals,Christian,Goethals,8/4/28,Belgian,,
goldsmith,http://en.wikipedia.org/wiki/Paul_Goldsmith,Paul,Goldsmith,10/2/25,American,,
gonzalez,http://en.wikipedia.org/wiki/Jos%C3%A9_Froil%C3%A1n_Gonz%C3%A1lez,José Froilán,González,10/5/22,Argentine,,
oscar_gonzalez,http://en.wikipedia.org/wiki/%C3%93scar_Gonz%C3%A1lez_(racing_driver),Óscar,González,11/10/23,Uruguayan,,
gordini,http://en.wikipedia.org/wiki/Aldo_Gordini,Aldo,Gordini,5/20/21,French,,
gould,http://en.wikipedia.org/wiki/Horace_Gould,Horace,Gould,9/20/18,British,,
gounon,http://en.wikipedia.org/wiki/Jean-Marc_Gounon,Jean-Marc,Gounon,1/1/63,French,,
green,http://en.wikipedia.org/wiki/Cecil_Green,Cecil,Green,9/30/19,American,,
greene,http://en.wikipedia.org/wiki/Keith_Greene,Keith,Greene,1/5/38,British,,
gregory,http://en.wikipedia.org/wiki/Masten_Gregory,Masten,Gregory,2/29/32,American,,
griffith,http://en.wikipedia.org/wiki/Cliff_Griffith,Cliff,Griffith,2/6/16,American,,
grignard,http://en.wikipedia.org/wiki/Georges_Grignard,Georges,Grignard,7/25/05,French,,
grim,http://en.wikipedia.org/wiki/Bobby_Grim,Bobby,Grim,9/4/24,American,,
grosjean,http://en.wikipedia.org/wiki/Romain_Grosjean,Romain,Grosjean,4/17/86,French,8,GRO
grouillard,http://en.wikipedia.org/wiki/Olivier_Grouillard,Olivier,Grouillard,9/2/58,French,,
gubby,http://en.wikipedia.org/wiki/Brian_Gubby,Brian,Gubby,4/17/34,British,,
guelfi,http://en.wikipedia.org/wiki/Andr%C3%A9_Guelfi,André,Guelfi,5/6/19,French,,
guerra,http://en.wikipedia.org/wiki/Miguel_Angel_Guerra,Miguel Ángel,Guerra,8/31/53,Argentine,,
guerrero,http://en.wikipedia.org/wiki/Roberto_Guerrero,Roberto,Guerrero,11/16/58,Colombian,,
gugelmin,http://en.wikipedia.org/wiki/Maur%C3%ADcio_Gugelmin,Maurício,Gugelmin,4/20/63,Brazilian,,
gurney,http://en.wikipedia.org/wiki/Dan_Gurney,Dan,Gurney,4/13/31,American,,
gutierrez,http://en.wikipedia.org/wiki/Esteban_Guti%C3%A9rrez,Esteban,Gutiérrez,8/5/91,Mexican,21,GUT
hahne,http://en.wikipedia.org/wiki/Hubert_Hahne,Hubert,Hahne,3/28/35,German,,
hailwood,http://en.wikipedia.org/wiki/Mike_Hailwood,Mike,Hailwood,4/2/40,British,,
hakkinen,http://en.wikipedia.org/wiki/Mika_H%C3%A4kkinen,Mika,Häkkinen,9/28/68,Finnish,,
halford,http://en.wikipedia.org/wiki/Bruce_Halford,Bruce,Halford,5/18/31,British,,
hall,http://en.wikipedia.org/wiki/Jim_Hall_(race_car_driver),Jim,Hall,7/23/35,American,,
duncan_hamilton,http://en.wikipedia.org/wiki/Duncan_Hamilton_(racing_driver),Duncan,Hamilton,4/30/20,British,,
hamilton,http://en.wikipedia.org/wiki/Lewis_Hamilton,Lewis,Hamilton,1/7/85,British,44,HAM
hampshire,http://en.wikipedia.org/wiki/David_Hampshire,David,Hampshire,12/29/17,British,,
hanks,http://en.wikipedia.org/wiki/Sam_Hanks,Sam,Hanks,7/13/14,American,,
hansgen,http://en.wikipedia.org/wiki/Walt_Hansgen,Walt,Hansgen,10/28/19,American,,
harris,http://en.wikipedia.org/wiki/Mike_Harris_(race_car_driver),Mike,Harris,5/25/39,South African,,
harrison,http://en.wikipedia.org/wiki/Cuth_Harrison,Cuth,Harrison,7/6/06,British,,
hart,http://en.wikipedia.org/wiki/Brian_Hart,Brian,Hart,9/7/36,British,,
hartley,http://en.wikipedia.org/wiki/Gene_Hartley,Gene,Hartley,1/28/26,American,,
brendon_hartley,http://en.wikipedia.org/wiki/Brendon_Hartley,Brendon,Hartley,11/10/89,New Zealander,28,HAR
haryanto,http://en.wikipedia.org/wiki/Rio_Haryanto,Rio,Haryanto,1/22/93,Indonesian,88,HAR
hasemi,http://en.wikipedia.org/wiki/Masahiro_Hasemi,Masahiro,Hasemi,11/13/45,Japanese,,
hattori,http://en.wikipedia.org/wiki/Naoki_Hattori,Naoki,Hattori,6/13/66,Japanese,,
hawkins,http://en.wikipedia.org/wiki/Paul_Hawkins_(racing_driver),Paul,Hawkins,10/12/37,Australian,,
hawthorn,http://en.wikipedia.org/wiki/Mike_Hawthorn,Mike,Hawthorn,4/10/29,British,,
heeks,http://en.wikipedia.org/wiki/Willi_Heeks,Willi,Heeks,2/13/22,German,,
heidfeld,http://en.wikipedia.org/wiki/Nick_Heidfeld,Nick,Heidfeld,5/10/77,German,,HEI
helfrich,http://en.wikipedia.org/wiki/Theo_Helfrich,Theo,Helfrich,5/13/13,German,,
hellings,http://en.wikipedia.org/wiki/Mack_Hellings,Mack,Hellings,9/14/15,American,,
henton,http://en.wikipedia.org/wiki/Brian_Henton,Brian,Henton,9/19/46,British,,
herbert,http://en.wikipedia.org/wiki/Johnny_Herbert,Johnny,Herbert,6/25/64,British,,
herman,http://en.wikipedia.org/wiki/Al_Herman,Al,Herman,3/15/27,American,,
herrmann,http://en.wikipedia.org/wiki/Hans_Herrmann,Hans,Herrmann,2/23/28,German,,
hesnault,http://en.wikipedia.org/wiki/Fran%C3%A7ois_Hesnault,François,Hesnault,12/30/56,French,,
heyer,http://en.wikipedia.org/wiki/Hans_Heyer,Hans,Heyer,3/16/43,German,,
damon_hill,http://en.wikipedia.org/wiki/Damon_Hill,Damon,Hill,9/17/60,British,,
hill,http://en.wikipedia.org/wiki/Graham_Hill,Graham,Hill,2/15/29,British,,
phil_hill,http://en.wikipedia.org/wiki/Phil_Hill,Phil,Hill,4/20/27,American,,
hirt,http://en.wikipedia.org/wiki/Peter_Hirt,Peter,Hirt,3/30/10,Swiss,,
hobbs,http://en.wikipedia.org/wiki/David_Hobbs_(racing_driver),David,Hobbs,6/9/39,British,,
hocking,http://en.wikipedia.org/wiki/Gary_Hocking,Gary,Hocking,9/30/37,Rhodesian,,
hoffmann,http://en.wikipedia.org/wiki/Ingo_Hoffmann,Ingo,Hoffmann,2/28/53,Brazilian,,
holland,http://en.wikipedia.org/wiki/Bill_Holland,Bill,Holland,12/18/07,American,,
holmes,http://en.wikipedia.org/wiki/Jackie_Holmes,Jackie,Holmes,9/4/20,American,,
homeier,http://en.wikipedia.org/wiki/Bill_Homeier,Bill,Homeier,8/31/18,American,,
hoshino,http://en.wikipedia.org/wiki/Kazuyoshi_Hoshino,Kazuyoshi,Hoshino,7/1/47,Japanese,,
hoyt,http://en.wikipedia.org/wiki/Jerry_Hoyt,Jerry,Hoyt,1/29/29,American,,
hulkenberg,http://en.wikipedia.org/wiki/Nico_H%C3%BClkenberg,Nico,Hülkenberg,8/19/87,German,27,HUL
hulme,http://en.wikipedia.org/wiki/Denny_Hulme,Denny,Hulme,6/18/36,New Zealander,,
hunt,http://en.wikipedia.org/wiki/James_Hunt,James,Hunt,8/29/47,British,,
hurtubise,http://en.wikipedia.org/wiki/Jim_Hurtubise,Jim,Hurtubise,12/5/32,American,,
hutchison,http://en.wikipedia.org/wiki/Gus_Hutchison,Gus,Hutchison,4/26/37,American,,
ickx,http://en.wikipedia.org/wiki/Jacky_Ickx,Jacky,Ickx,1/1/45,Belgian,,
ide,http://en.wikipedia.org/wiki/Yuji_Ide,Yuji,Ide,1/21/75,Japanese,,IDE
iglesias,http://en.wikipedia.org/wiki/Jes%C3%BAs_Iglesias,Jesús,Iglesias,2/22/22,Argentine,,
inoue,http://en.wikipedia.org/wiki/Taki_Inoue,Taki,Inoue,9/5/63,Japanese,,
ireland,http://en.wikipedia.org/wiki/Innes_Ireland,Innes,Ireland,6/12/30,British,,
irvine,http://en.wikipedia.org/wiki/Eddie_Irvine,Eddie,Irvine,11/10/65,British,,
irwin,http://en.wikipedia.org/wiki/Chris_Irwin,Chris,Irwin,6/27/42,British,,
jabouille,http://en.wikipedia.org/wiki/Jean-Pierre_Jabouille,Jean-Pierre,Jabouille,10/1/42,French,,
jackson,http://en.wikipedia.org/wiki/Jimmy_Jackson_(driver),Jimmy,Jackson,7/25/10,American,,
james,http://en.wikipedia.org/wiki/Joe_James_(racing_driver),Joe,James,5/23/25,American,,
john_james,http://en.wikipedia.org/wiki/John_James_(auto_racer),John,James,5/10/14,British,,
jarier,http://en.wikipedia.org/wiki/Jean-Pierre_Jarier,Jean-Pierre,Jarier,7/10/46,French,,
lehto,http://en.wikipedia.org/wiki/Jyrki_J%C3%A4rvilehto,Jyrki,Järvilehto,1/31/66,Finnish,,
jean,http://en.wikipedia.org/wiki/Max_Jean,Max,Jean,7/27/43,French,,
johansson,http://en.wikipedia.org/wiki/Stefan_Johansson,Stefan,Johansson,9/8/56,Swedish,,
johnson,http://en.wikipedia.org/wiki/Eddie_Johnson_(auto_racer),Eddie,Johnson,2/10/19,American,,
leslie_johnson,http://en.wikipedia.org/wiki/Leslie_Johnson_(racing_driver),Leslie,Johnson,3/22/12,British,,
johnstone,http://en.wikipedia.org/wiki/Bruce_Johnstone_(racing_driver),Bruce,Johnstone,1/30/37,South African,,
jones,http://en.wikipedia.org/wiki/Alan_Jones_(Formula_1),Alan,Jones,11/2/46,Australian,,
tom_jones,http://en.wikipedia.org/wiki/Tom_Jones_(auto_racer),Tom,Jones,4/26/43,American,,
jover,http://en.wikipedia.org/wiki/Juan_Jover,Juan,Jover,11/23/03,Spanish,,
karch,http://en.wikipedia.org/wiki/Oswald_Karch,Oswald,Karch,3/6/17,German,,
karthikeyan,http://en.wikipedia.org/wiki/Narain_Karthikeyan,Narain,Karthikeyan,1/14/77,Indian,,KAR
katayama,http://en.wikipedia.org/wiki/Ukyo_Katayama,Ukyo,Katayama,5/29/63,Japanese,,
kavanagh,http://en.wikipedia.org/wiki/Ken_Kavanagh,Ken,Kavanagh,12/12/23,Australian,,
keegan,http://en.wikipedia.org/wiki/Rupert_Keegan,Rupert,Keegan,2/26/55,British,,
keizan,http://en.wikipedia.org/wiki/Eddie_Keizan,Eddie,Keizan,9/12/44,South African,,
keller,http://en.wikipedia.org/wiki/Al_Keller,Al,Keller,4/11/20,American,,
kelly,http://en.wikipedia.org/wiki/Joe_Kelly_(Formula_One),Joe,Kelly,3/13/13,Irish,,
kennedy,http://en.wikipedia.org/wiki/David_Kennedy_(racing_driver),Dave,Kennedy,1/15/53,Irish,,
kessel,http://en.wikipedia.org/wiki/Loris_Kessel,Loris,Kessel,4/1/50,Swiss,,
kessler,http://en.wikipedia.org/wiki/Bruce_Kessler,Bruce,Kessler,3/23/36,American,,
kiesa,http://en.wikipedia.org/wiki/Nicolas_Kiesa,Nicolas,Kiesa,3/3/78,Danish,,
kinnunen,http://en.wikipedia.org/wiki/Leo_Kinnunen,Leo,Kinnunen,8/5/43,Finnish,,
kladis,http://en.wikipedia.org/wiki/Danny_Kladis,Danny,Kladis,2/10/17,American,,
klenk,http://en.wikipedia.org/wiki/Hans_Klenk,Hans,Klenk,10/28/19,German,,
klien,http://en.wikipedia.org/wiki/Christian_Klien,Christian,Klien,2/7/83,Austrian,,KLI
kling,http://en.wikipedia.org/wiki/Karl_Kling,Karl,Kling,9/16/10,German,,
klodwig,http://en.wikipedia.org/wiki/Ernst_Klodwig,Ernst,Klodwig,5/23/03,East German,,
kobayashi,http://en.wikipedia.org/wiki/Kamui_Kobayashi,Kamui,Kobayashi,9/13/86,Japanese,10,KOB
koinigg,http://en.wikipedia.org/wiki/Helmuth_Koinigg,Helmuth,Koinigg,11/3/48,Austrian,,
kovalainen,http://en.wikipedia.org/wiki/Heikki_Kovalainen,Heikki,Kovalainen,10/19/81,Finnish,,KOV
kozarowitzky,http://en.wikipedia.org/wiki/Mikko_Kozarowitzky,Mikko,Kozarowitzky,5/17/48,Finnish,,
krause,http://en.wikipedia.org/wiki/Rudolf_Krause,Rudolf,Krause,3/30/07,East German,,
kubica,http://en.wikipedia.org/wiki/Robert_Kubica,Robert,Kubica,12/7/84,Polish,88,KUB
kuhnke,http://en.wikipedia.org/wiki/Kurt_Kuhnke,Kurt,Kuhnke,4/30/10,German,,
kvyat,http://en.wikipedia.org/wiki/Daniil_Kvyat,Daniil,Kvyat,4/26/94,Russian,26,KVY
la_caze,http://en.wikipedia.org/wiki/Robert_La_Caze,Robert,La Caze,2/26/17,French,,
laffite,http://en.wikipedia.org/wiki/Jacques_Laffite,Jacques,Laffite,11/21/43,French,,
lagorce,http://en.wikipedia.org/wiki/Franck_Lagorce,Franck,Lagorce,9/1/68,French,,
lammers,http://en.wikipedia.org/wiki/Jan_Lammers,Jan,Lammers,6/2/56,Dutch,,
lamy,http://en.wikipedia.org/wiki/Pedro_Lamy,Pedro,Lamy,3/20/72,Portuguese,,
landi,http://en.wikipedia.org/wiki/Chico_Landi,Chico,Landi,7/14/07,Brazilian,,
lang,http://en.wikipedia.org/wiki/Hermann_Lang,Hermann,Lang,4/6/09,German,,
langes,http://en.wikipedia.org/wiki/Claudio_Langes,Claudio,Langes,7/20/60,Italian,,
larini,http://en.wikipedia.org/wiki/Nicola_Larini,Nicola,Larini,3/19/64,Italian,,
larrauri,http://en.wikipedia.org/wiki/Oscar_Larrauri,Oscar,Larrauri,8/19/54,Argentine,,
larreta,http://en.wikipedia.org/wiki/Alberto_Rodriguez_Larreta,Alberto Rodriguez,Larreta,1/14/34,Argentine,,
larrousse,http://en.wikipedia.org/wiki/G%C3%A9rard_Larrousse,Gérard,Larrousse,5/23/40,French,,
larson,http://en.wikipedia.org/wiki/Jud_Larson,Jud,Larson,1/21/23,American,,
latifi,http://en.wikipedia.org/wiki/Nicholas_Latifi,Nicholas,Latifi,6/29/95,Canadian,6,LAT
lauda,http://en.wikipedia.org/wiki/Niki_Lauda,Niki,Lauda,2/22/49,Austrian,,
laurent,http://en.wikipedia.org/wiki/Roger_Laurent,Roger,Laurent,2/21/13,Belgian,,
lavaggi,http://en.wikipedia.org/wiki/Giovanni_Lavaggi,Giovanni,Lavaggi,2/18/58,Italian,,
lawrence,http://en.wikipedia.org/wiki/Chris_Lawrence_(racing_driver),Chris,Lawrence,7/27/33,British,,
lawson,http://en.wikipedia.org/wiki/Liam_Lawson,Liam,Lawson,2/11/02,New Zealander,40,LAW
leclerc,http://en.wikipedia.org/wiki/Charles_Leclerc,Charles,Leclerc,10/16/97,Monegasque,16,LEC
leclere,http://en.wikipedia.org/wiki/Michel_Lecl%C3%A8re,Michel,Leclère,3/18/46,French,,
lederle,http://en.wikipedia.org/wiki/Neville_Lederle,Neville,Lederle,9/25/38,South African,,
lees,http://en.wikipedia.org/wiki/Geoff_Lees,Geoff,Lees,5/1/51,British,,
legat,http://en.wikipedia.org/wiki/Arthur_Legat,Arthur,Legat,1898-11-01,Belgian,,
leoni,http://en.wikipedia.org/wiki/Lamberto_Leoni,Lamberto,Leoni,5/24/53,Italian,,
leston,http://en.wikipedia.org/wiki/Les_Leston,Les,Leston,12/16/20,British,,
levegh,http://en.wikipedia.org/wiki/Pierre_Levegh,Pierre,Levegh,12/22/05,French,,
levrett,http://en.wikipedia.org/wiki/Bayliss_Levrett,Bayliss,Levrett,2/14/14,American,,
lewis,http://en.wikipedia.org/wiki/Jackie_Lewis,Jackie,Lewis,11/1/36,British,,
lewis-evans,http://en.wikipedia.org/wiki/Stuart_Lewis-Evans,Stuart,Lewis-Evans,4/20/30,British,,
ligier,http://en.wikipedia.org/wiki/Guy_Ligier,Guy,Ligier,7/12/30,French,,
linden,http://en.wikipedia.org/wiki/Andy_Linden_(racing_driver),Andy,Linden,4/5/22,American,,
lippi,http://en.wikipedia.org/wiki/Roberto_Lippi,Roberto,Lippi,10/17/26,Italian,,
liuzzi,http://en.wikipedia.org/wiki/Vitantonio_Liuzzi,Vitantonio,Liuzzi,8/6/80,Italian,,LIU
lombardi,http://en.wikipedia.org/wiki/Lella_Lombardi,Lella,Lombardi,3/26/41,Italian,,
londono,http://en.wikipedia.org/wiki/Ricardo_Londo%C3%B1o,Ricardo,Londoño,8/8/49,Colombian,,
loof,http://en.wikipedia.org/wiki/Ernst_Loof,Ernst,Loof,7/4/07,German,,
lotterer,http://en.wikipedia.org/wiki/Andr%C3%A9_Lotterer,André,Lotterer,11/19/81,German,45,LOT
louveau,http://en.wikipedia.org/wiki/Henri_Louveau,Henri,Louveau,1/25/10,French,,
love,http://en.wikipedia.org/wiki/John_Love_(racing_driver),John,Love,12/7/24,Rhodesian,,
lovely,http://en.wikipedia.org/wiki/Pete_Lovely,Pete,Lovely,4/11/26,American,,
loyer,http://en.wikipedia.org/wiki/Roger_Loyer,Roger,Loyer,8/5/07,French,,
lucas,http://en.wikipedia.org/wiki/Jean_Lucas,Jean,Lucas,4/25/17,French,,
lucienbonnet,http://en.wikipedia.org/wiki/Jean_Lucienbonnet,Jean,Lucienbonnet,1/7/23,French,,
lunger,http://en.wikipedia.org/wiki/Brett_Lunger,Brett,Lunger,11/14/45,American,,
hayje,http://en.wikipedia.org/wiki/Boy_Hayje,Boy,Lunger,5/3/49,Dutch,,
macdowel,http://en.wikipedia.org/wiki/Mike_MacDowel,Mike,MacDowel,9/13/32,British,,
mackay-fraser,http://en.wikipedia.org/wiki/Herbert_MacKay-Fraser,Herbert,MacKay-Fraser,6/23/27,American,,
mackey,http://en.wikipedia.org/wiki/Bill_Mackey,Bill,Mackey,12/15/27,American,,
macklin,http://en.wikipedia.org/wiki/Lance_Macklin,Lance,Macklin,9/2/19,British,,
magee,http://en.wikipedia.org/wiki/Damien_Magee,Damien,Magee,11/17/45,British,,
maggs,http://en.wikipedia.org/wiki/Tony_Maggs,Tony,Maggs,2/9/37,South African,,
magill,http://en.wikipedia.org/wiki/Mike_Magill,Mike,Magill,2/8/20,American,,
maglioli,http://en.wikipedia.org/wiki/Umberto_Maglioli,Umberto,Maglioli,6/5/28,Italian,,
kevin_magnussen,http://en.wikipedia.org/wiki/Kevin_Magnussen,Kevin,Magnussen,10/5/92,Danish,20,MAG
magnussen,http://en.wikipedia.org/wiki/Jan_Magnussen,Jan,Magnussen,7/4/73,Danish,,MAG
mairesse,http://en.wikipedia.org/wiki/Willy_Mairesse,Willy,Mairesse,10/1/28,Belgian,,
guy_mairesse,http://en.wikipedia.org/wiki/Guy_Mairesse,Guy,Mairesse,8/10/10,French,,
maldonado,http://en.wikipedia.org/wiki/Pastor_Maldonado,Pastor,Maldonado,3/9/85,Venezuelan,13,MAL
mansell,http://en.wikipedia.org/wiki/Nigel_Mansell,Nigel,Mansell,8/8/53,British,,
mantovani,http://en.wikipedia.org/wiki/Sergio_Mantovani,Sergio,Mantovani,5/22/29,Italian,,
mantz,http://en.wikipedia.org/wiki/Johnny_Mantz,Johnny,Mantz,9/18/18,American,,
manzon,http://en.wikipedia.org/wiki/Robert_Manzon,Robert,Manzon,4/12/17,French,,
marimon,http://en.wikipedia.org/wiki/Onofre_Marim%C3%B3n,Onofre,Marimón,12/19/23,Argentine,,
marko,http://en.wikipedia.org/wiki/Helmut_Marko,Helmut,Marko,4/27/43,Austrian,,
marques,http://en.wikipedia.org/wiki/Tarso_Marques,Tarso,Marques,1/19/76,Brazilian,,
marr,http://en.wikipedia.org/wiki/Leslie_Marr,Leslie,Marr,8/14/22,British,,
marsh,http://en.wikipedia.org/wiki/Tony_Marsh_(racing_driver),Tony,Marsh,7/20/31,British,,
martin,http://en.wikipedia.org/wiki/Eug%C3%A8ne_Martin,Eugène,Martin,3/24/15,French,,
martini,http://en.wikipedia.org/wiki/Pierluigi_Martini,Pierluigi,Martini,4/23/61,Italian,,
mass,http://en.wikipedia.org/wiki/Jochen_Mass,Jochen,Mass,9/30/46,German,,
massa,http://en.wikipedia.org/wiki/Felipe_Massa,Felipe,Massa,4/25/81,Brazilian,19,MAS
may,http://en.wikipedia.org/wiki/Michael_May_(racing_driver),Michael,May,8/18/34,Swiss,,
mayer,http://en.wikipedia.org/wiki/Timmy_Mayer,Timmy,Mayer,2/22/38,American,,
mazepin,http://en.wikipedia.org/wiki/Nikita_Mazepin,Nikita,Mazepin,3/2/99,Russian,9,MAZ
mazet,http://en.wikipedia.org/wiki/Fran%C3%A7ois_Mazet,François,Mazet,2/24/43,French,,
mazzacane,http://en.wikipedia.org/wiki/Gast%C3%B3n_Mazzacane,Gastón,Mazzacane,5/8/75,Argentine,,
mcalpine,http://en.wikipedia.org/wiki/Kenneth_McAlpine,Kenneth,McAlpine,9/21/20,British,,
mccarthy,http://en.wikipedia.org/wiki/Perry_McCarthy,Perry,McCarthy,3/3/61,British,,
mccoy,http://en.wikipedia.org/wiki/Ernie_McCoy,Ernie,McCoy,2/19/21,American,,
mcdowell,http://en.wikipedia.org/wiki/Johnny_McDowell,Johnny,McDowell,1/29/15,American,,
mcgrath,http://en.wikipedia.org/wiki/Jack_McGrath_(racing_driver),Jack,McGrath,10/8/19,American,,
mcguire,http://en.wikipedia.org/wiki/Brian_McGuire,Brian,McGuire,12/13/45,Australian,,
mclaren,http://en.wikipedia.org/wiki/Bruce_McLaren,Bruce,McLaren,8/30/37,New Zealander,,
mcnish,http://en.wikipedia.org/wiki/Allan_McNish,Allan,McNish,12/29/69,British,,
mcrae,http://en.wikipedia.org/wiki/Graham_McRae,Graham,McRae,3/5/40,New Zealander,,
mcwithey,http://en.wikipedia.org/wiki/Jim_McWithey,Jim,McWithey,7/4/27,American,,
menditeguy,http://en.wikipedia.org/wiki/Carlos_Menditeguy,Carlos,Menditeguy,8/10/14,Argentine,,
merhi,http://en.wikipedia.org/wiki/Roberto_Merhi,Roberto,Merhi,3/22/91,Spanish,98,MER
merzario,http://en.wikipedia.org/wiki/Arturo_Merzario,Arturo,Merzario,3/11/43,Italian,,
mieres,http://en.wikipedia.org/wiki/Roberto_Mieres,Roberto,Mieres,12/3/24,Argentine,,
migault,http://en.wikipedia.org/wiki/Fran%C3%A7ois_Migault,François,Migault,12/4/44,French,,
miles,http://en.wikipedia.org/wiki/John_Miles_(auto_racer),John,Miles,6/14/43,British,,
ken_miles,http://en.wikipedia.org/wiki/Ken_Miles,Ken,Miles,11/1/18,British,,
milhoux,http://en.wikipedia.org/wiki/Andr%C3%A9_Milhoux,André,Milhoux,12/9/28,Belgian,,
miller,http://en.wikipedia.org/wiki/Chet_Miller,Chet,Miller,7/19/02,American,,
mitter,http://en.wikipedia.org/wiki/Gerhard_Mitter,Gerhard,Mitter,8/30/35,German,,
modena,http://en.wikipedia.org/wiki/Stefano_Modena,Stefano,Modena,5/12/63,Italian,,
monarch,http://en.wikipedia.org/wiki/Talk:1963_Mexican_Grand_Prix#Who_was_Thomas_Monarch.3F,Thomas,Monarch,9/3/45,American,,
montagny,http://en.wikipedia.org/wiki/Franck_Montagny,Franck,Montagny,1/5/78,French,,FMO
monteiro,http://en.wikipedia.org/wiki/Tiago_Monteiro,Tiago,Monteiro,7/24/76,Portuguese,,TMO
montermini,http://en.wikipedia.org/wiki/Andrea_Montermini,Andrea,Montermini,5/30/64,Italian,,
monteverdi,http://en.wikipedia.org/wiki/Peter_Monteverdi,Peter,Monteverdi,6/7/34,Swiss,,
charrington,http://en.wikipedia.org/wiki/Robin_Montgomerie-Charrington,Robin,Montgomerie-Charrington,6/23/15,British,,
morbidelli,http://en.wikipedia.org/wiki/Gianni_Morbidelli,Gianni,Morbidelli,1/13/68,Italian,,
moreno,http://en.wikipedia.org/wiki/Roberto_Moreno,Roberto,Moreno,2/11/59,Brazilian,,
morgan,http://en.wikipedia.org/wiki/Dave_Morgan_(racing_driver),Dave,Morgan,8/7/44,British,,
moser,http://en.wikipedia.org/wiki/Silvio_Moser,Silvio,Moser,4/24/41,Swiss,,
moss,http://en.wikipedia.org/wiki/Stirling_Moss,Stirling,Moss,9/17/29,British,,
bill_moss,http://en.wikipedia.org/wiki/Bill_Moss_(racing_driver),Bill,Moss,9/4/33,British,,
munaron,http://en.wikipedia.org/wiki/Gino_Munaron,Gino,Munaron,4/2/28,Italian,,
murray,http://en.wikipedia.org/wiki/David_Murray_(driver),David,Murray,12/28/09,British,,
musso,http://en.wikipedia.org/wiki/Luigi_Musso,Luigi,Musso,7/28/24,Italian,,
nakajima,http://en.wikipedia.org/wiki/Kazuki_Nakajima,Kazuki,Nakajima,1/11/85,Japanese,,NAK
satoru_nakajima,http://en.wikipedia.org/wiki/Satoru_Nakajima,Satoru,Nakajima,2/23/53,Japanese,,
nakano,http://en.wikipedia.org/wiki/Shinji_Nakano,Shinji,Nakano,4/1/71,Japanese,,
nalon,http://en.wikipedia.org/wiki/Duke_Nalon,Duke,Nalon,3/2/13,American,,
nannini,http://en.wikipedia.org/wiki/Alessandro_Nannini,Alessandro,Nannini,7/7/59,Italian,,
naspetti,http://en.wikipedia.org/wiki/Emanuele_Naspetti,Emanuele,Naspetti,2/24/68,Italian,,
nasr,http://en.wikipedia.org/wiki/Felipe_Nasr,Felipe,Nasr,8/21/92,Brazilian,12,NAS
natili,http://en.wikipedia.org/wiki/Massimo_Natili,Massimo,Natili,7/28/35,Italian,,
naylor,http://en.wikipedia.org/wiki/Brian_Naylor,Brian,Naylor,3/24/23,British,,
nazaruk,http://en.wikipedia.org/wiki/Mike_Nazaruk,Mike,Nazaruk,10/2/21,American,,
needell,http://en.wikipedia.org/wiki/Tiff_Needell,Tiff,Needell,10/29/51,British,,
nelleman,http://en.wikipedia.org/wiki/Jac_Nelleman,Jac,Nelleman,4/19/44,Danish,,
neve,http://en.wikipedia.org/wiki/Patrick_Neve,Patrick,Nève,10/13/49,Belgian,,
nicholson,http://en.wikipedia.org/wiki/John_Nicholson_(racing_driver),John,Nicholson,10/6/41,New Zealander,,
niday,http://en.wikipedia.org/wiki/Cal_Niday,Cal,Niday,4/29/14,American,,
niedermayr,http://en.wikipedia.org/wiki/Helmut_Niedermayr,Helmut,Niedermayr,11/29/15,German,,
niemann,http://en.wikipedia.org/wiki/Brausch_Niemann,Brausch,Niemann,1/7/39,South African,,
nilsson,http://en.wikipedia.org/wiki/Gunnar_Nilsson,Gunnar,Nilsson,11/20/48,Swedish,,
noda,http://en.wikipedia.org/wiki/Hideki_Noda,Hideki,Noda,3/7/69,Japanese,,
norris,http://en.wikipedia.org/wiki/Lando_Norris,Lando,Norris,11/13/99,British,4,NOR
nuckey,http://en.wikipedia.org/wiki/Rodney_Nuckey,Rodney,Nuckey,6/26/29,British,,
obrien,http://en.wikipedia.org/wiki/Robert_O%27Brien_(auto_racer),Robert,O'Brien,4/11/08,American,,
connor,http://en.wikipedia.org/wiki/Pat_O%27Connor_(auto_racer),Pat,O'Connor,10/9/28,American,,
ocon,http://en.wikipedia.org/wiki/Esteban_Ocon,Esteban,Ocon,9/17/96,French,31,OCO
oliver,http://en.wikipedia.org/wiki/Jackie_Oliver,Jackie,Oliver,8/14/42,British,,
ongais,http://en.wikipedia.org/wiki/Danny_Ongais,Danny,Ongais,5/21/42,American,,
owen,http://en.wikipedia.org/wiki/Arthur_Owen,Arthur,Owen,3/23/15,British,,
montoya,http://en.wikipedia.org/wiki/Juan_Pablo_Montoya,Juan,Pablo Montoya,9/20/75,Colombian,,MON
pace,http://en.wikipedia.org/wiki/Carlos_Pace,Carlos,Pace,10/6/44,Brazilian,,
pagani,http://en.wikipedia.org/wiki/Nello_Pagani,Nello,Pagani,10/11/11,Italian,,
paletti,http://en.wikipedia.org/wiki/Riccardo_Paletti,Riccardo,Paletti,6/15/58,Italian,,
palm,http://en.wikipedia.org/wiki/Torsten_Palm,Torsten,Palm,7/23/47,Swedish,,
palmer,http://en.wikipedia.org/wiki/Jonathan_Palmer,Jonathan,Palmer,11/7/56,British,,
jolyon_palmer,http://en.wikipedia.org/wiki/Jolyon_Palmer,Jolyon,Palmer,1/20/91,British,30,PAL
panis,http://en.wikipedia.org/wiki/Olivier_Panis,Olivier,Panis,9/2/66,French,,
pantano,http://en.wikipedia.org/wiki/Giorgio_Pantano,Giorgio,Pantano,2/4/79,Italian,,
papis,http://en.wikipedia.org/wiki/Massimiliano_Papis,Massimiliano,Papis,10/3/69,Italian,,
parkes,http://en.wikipedia.org/wiki/Mike_Parkes,Mike,Parkes,9/24/31,British,,
parnell,http://en.wikipedia.org/wiki/Tim_Parnell,Tim,Parnell,6/25/32,British,,
reg_parnell,http://en.wikipedia.org/wiki/Reg_Parnell,Reg,Parnell,7/2/11,British,,
parsons,http://en.wikipedia.org/wiki/Johnnie_Parsons,Johnnie,Parsons,7/4/18,American,,
patrese,http://en.wikipedia.org/wiki/Riccardo_Patrese,Riccardo,Patrese,4/17/54,Italian,,
pease,http://en.wikipedia.org/wiki/Al_Pease,Al,Pease,10/15/21,Canadian,,
penske,http://en.wikipedia.org/wiki/Roger_Penske,Roger,Penske,2/20/37,American,,
perdisa,http://en.wikipedia.org/wiki/Cesare_Perdisa,Cesare,Perdisa,10/21/32,Italian,,
perez,http://en.wikipedia.org/wiki/Sergio_P%C3%A9rez,Sergio,Pérez,1/26/90,Mexican,11,PER
sala,http://en.wikipedia.org/wiki/Luis_Perez-Sala,Luis,Pérez-Sala,5/15/59,Spanish,,
perkins,http://en.wikipedia.org/wiki/Larry_Perkins,Larry,Perkins,3/18/50,Australian,,
pescarolo,http://en.wikipedia.org/wiki/Henri_Pescarolo,Henri,Pescarolo,9/25/42,French,,
pesenti_rossi,http://en.wikipedia.org/wiki/Alessandro_Pesenti-Rossi,Alessandro,Pesenti-Rossi,8/31/42,Italian,,
peters,http://en.wikipedia.org/wiki/Josef_Peters_(driver),Josef,Peters,9/16/14,German,,
peterson,http://en.wikipedia.org/wiki/Ronnie_Peterson,Ronnie,Peterson,2/14/44,Swedish,,
petrov,http://en.wikipedia.org/wiki/Vitaly_Petrov,Vitaly,Petrov,9/8/84,Russian,,PET
pian,http://en.wikipedia.org/wiki/Alfredo_Pi%C3%A0n,Alfredo,Pián,10/21/12,Argentine,,
piastri,http://en.wikipedia.org/wiki/Oscar_Piastri,Oscar,Piastri,4/6/01,Australian,81,PIA
pic,http://en.wikipedia.org/wiki/Charles_Pic,Charles,Pic,2/15/90,French,,PIC
picard,http://en.wikipedia.org/wiki/Fran%C3%A7ois_Picard,François,Picard,4/26/21,French,,
pieterse,http://en.wikipedia.org/wiki/Ernie_Pieterse,Ernie,Pieterse,7/4/38,South African,,
pietsch,http://en.wikipedia.org/wiki/Paul_Pietsch,Paul,Pietsch,6/20/11,German,,
andre_pilette,http://en.wikipedia.org/wiki/Andr%C3%A9_Pilette,André,Pilette,10/6/18,Belgian,,
pilette,http://en.wikipedia.org/wiki/Teddy_Pilette,Teddy,Pilette,7/26/42,Belgian,,
piotti,http://en.wikipedia.org/wiki/Luigi_Piotti,Luigi,Piotti,10/27/13,Italian,,
piper,http://en.wikipedia.org/wiki/David_Piper,David,Piper,12/2/30,British,,
piquet,http://en.wikipedia.org/wiki/Nelson_Piquet,Nelson,Piquet,8/17/52,Brazilian,,
piquet_jr,"http://en.wikipedia.org/wiki/Nelson_Piquet,_Jr.",Nelson,Piquet Jr.,7/25/85,Brazilian,,PIQ
pirocchi,http://en.wikipedia.org/wiki/Renato_Pirocchi,Renato,Pirocchi,3/26/33,Italian,,
pironi,http://en.wikipedia.org/wiki/Didier_Pironi,Didier,Pironi,3/26/52,French,,
pirro,http://en.wikipedia.org/wiki/Emanuele_Pirro,Emanuele,Pirro,1/12/62,Italian,,
pizzonia,http://en.wikipedia.org/wiki/Ant%C3%B4nio_Pizzonia,Antônio,Pizzonia,9/11/80,Brazilian,,PIZ
pollet,http://en.wikipedia.org/wiki/Jacques_Pollet,Jacques,Pollet,7/2/22,French,,
pon,http://en.wikipedia.org/wiki/Ben_Pon,Ben,Pon,12/9/36,Dutch,,
poore,http://en.wikipedia.org/wiki/Dennis_Poore,Dennis,Poore,8/19/16,British,,
posey,http://en.wikipedia.org/wiki/Sam_Posey,Sam,Posey,5/26/44,American,,
pozzi,http://en.wikipedia.org/wiki/Charles_Pozzi,Charles,Pozzi,8/27/09,French,,
pretorius,http://en.wikipedia.org/wiki/Jackie_Pretorius,Jackie,Pretorius,11/22/34,South African,,
prinoth,http://en.wikipedia.org/wiki/Ernesto_Prinoth,Ernesto,Prinoth,4/15/23,Italian,,
prophet,http://en.wikipedia.org/wiki/David_Prophet,David,Prophet,10/9/37,British,,
prost,http://en.wikipedia.org/wiki/Alain_Prost,Alain,Prost,2/24/55,French,,
pryce,http://en.wikipedia.org/wiki/Tom_Pryce,Tom,Pryce,6/11/49,British,,
purley,http://en.wikipedia.org/wiki/David_Purley,David,Purley,1/26/45,British,,
puzey,http://en.wikipedia.org/wiki/Clive_Puzey,Clive,Puzey,7/11/41,Rhodesian,,
quester,http://en.wikipedia.org/wiki/Dieter_Quester,Dieter,Quester,5/30/39,Austrian,,
raby,http://en.wikipedia.org/wiki/Ian_Raby,Ian,Raby,9/22/21,British,,
rahal,http://en.wikipedia.org/wiki/Bobby_Rahal,Bobby,Rahal,1/10/53,American,,
raikkonen,http://en.wikipedia.org/wiki/Kimi_R%C3%A4ikk%C3%B6nen,Kimi,Räikkönen,10/17/79,Finnish,7,RAI
raphanel,http://en.wikipedia.org/wiki/Pierre-Henri_Raphanel,Pierre-Henri,Raphanel,5/27/61,French,,
rathmann,http://en.wikipedia.org/wiki/Jim_Rathmann,Jim,Rathmann,7/16/28,American,,
dick_rathmann,http://en.wikipedia.org/wiki/Dick_Rathmann,Dick,Rathmann,1/6/24,American,,
ratzenberger,http://en.wikipedia.org/wiki/Roland_Ratzenberger,Roland,Ratzenberger,7/4/60,Austrian,,
rebaque,http://en.wikipedia.org/wiki/Hector_Rebaque,Hector,Rebaque,2/5/56,Mexican,,
redman,http://en.wikipedia.org/wiki/Brian_Redman,Brian,Redman,3/9/37,British,,
reece,http://en.wikipedia.org/wiki/Jimmy_Reece,Jimmy,Reece,11/17/29,American,,
reed,http://en.wikipedia.org/wiki/Ray_Reed,Ray,Reed,4/30/32,South African,,
rees,http://en.wikipedia.org/wiki/Alan_Rees_(racing_driver),Alan,Rees,1/12/38,British,,
regazzoni,http://en.wikipedia.org/wiki/Clay_Regazzoni,Clay,Regazzoni,9/5/39,Swiss,,
reutemann,http://en.wikipedia.org/wiki/Carlos_Reutemann,Carlos,Reutemann,4/12/42,Argentine,,
reventlow,http://en.wikipedia.org/wiki/Lance_Reventlow,Lance,Reventlow,2/24/36,American,,
revson,http://en.wikipedia.org/wiki/Peter_Revson,Peter,Revson,2/27/39,American,,
rhodes,http://en.wikipedia.org/wiki/John_Rhodes_(driver),John,Rhodes,8/18/27,British,,
ribeiro,http://en.wikipedia.org/wiki/Alex_Ribeiro,Alex,Ribeiro,11/7/48,Brazilian,,
ricciardo,http://en.wikipedia.org/wiki/Daniel_Ricciardo,Daniel,Ricciardo,7/1/89,Australian,3,RIC
richardson,http://en.wikipedia.org/wiki/Ken_Richardson_(race_car_driver),Ken,Richardson,8/21/11,British,,
riess,http://en.wikipedia.org/wiki/Fritz_Riess,Fritz,Riess,7/11/22,German,,
rigsby,http://en.wikipedia.org/wiki/Jim_Rigsby,Jim,Rigsby,6/6/23,American,,
rindt,http://en.wikipedia.org/wiki/Jochen_Rindt,Jochen,Rindt,4/18/42,Austrian,,
riseley_prichard,http://en.wikipedia.org/wiki/John_Riseley-Prichard,John,Riseley-Prichard,1/17/24,British,,
robarts,http://en.wikipedia.org/wiki/Richard_Robarts,Richard,Robarts,9/22/44,British,,
rodriguez,http://en.wikipedia.org/wiki/Pedro_Rodr%C3%ADguez_(racing_driver),Pedro,Rodríguez,1/18/40,Mexican,,
ricardo_rodriguez,http://en.wikipedia.org/wiki/Ricardo_Rodr%C3%ADguez_(Formula_One),Ricardo,Rodríguez,2/14/42,Mexican,,
rol,http://en.wikipedia.org/wiki/Franco_Rol,Franco,Rol,6/5/08,Italian,,
rollinson,http://en.wikipedia.org/wiki/Alan_Rollinson,Alan,Rollinson,5/15/43,British,,
rolt,http://en.wikipedia.org/wiki/Tony_Rolt,Tony,Rolt,10/16/18,British,,
roos,http://en.wikipedia.org/wiki/Bertil_Roos,Bertil,Roos,10/12/43,Swedish,,
rosberg,http://en.wikipedia.org/wiki/Nico_Rosberg,Nico,Rosberg,6/27/85,German,6,ROS
keke_rosberg,http://en.wikipedia.org/wiki/Keke_Rosberg,Keke,Rosberg,12/6/48,Finnish,,
rose,http://en.wikipedia.org/wiki/Mauri_Rose,Mauri,Rose,5/26/06,American,,
rosier,http://en.wikipedia.org/wiki/Louis_Rosier,Louis,Rosier,11/5/05,French,,
rosset,http://en.wikipedia.org/wiki/Ricardo_Rosset,Ricardo,Rosset,7/27/68,Brazilian,,
rossi,http://en.wikipedia.org/wiki/Alexander_Rossi_%28racing_driver%29,Alexander,Rossi,9/25/91,American,53,RSS
rothengatter,http://en.wikipedia.org/wiki/Huub_Rothengatter,Huub,Rothengatter,10/8/54,Dutch,,
ruby,http://en.wikipedia.org/wiki/Lloyd_Ruby,Lloyd,Ruby,1/12/28,American,,
russell,http://en.wikipedia.org/wiki/George_Russell_(racing_driver),George,Russell,2/15/98,British,63,RUS
russo,http://en.wikipedia.org/wiki/Eddie_Russo,Eddie,Russo,11/19/25,American,,
paul_russo,http://en.wikipedia.org/wiki/Paul_Russo,Paul,Russo,4/10/14,American,,
geki,http://en.wikipedia.org/wiki/Geki_(driver),Giacomo,Russo,10/23/37,Italian,,
ruttman,http://en.wikipedia.org/wiki/Troy_Ruttman,Troy,Ruttman,3/11/30,American,,
ryan,http://en.wikipedia.org/wiki/Peter_Ryan_(driver),Peter,Ryan,6/10/40,Canadian,,
sachs,http://en.wikipedia.org/wiki/Eddie_Sachs,Eddie,Sachs,5/28/27,American,,
said,http://en.wikipedia.org/wiki/Bob_Said,Bob,Said,5/5/32,American,,
sainz,http://en.wikipedia.org/wiki/Carlos_Sainz_Jr.,Carlos,Sainz,9/1/94,Spanish,55,SAI
salazar,http://en.wikipedia.org/wiki/Eliseo_Salazar,Eliseo,Salazar,11/14/54,Chilean,,
salo,http://en.wikipedia.org/wiki/Mika_Salo,Mika,Salo,11/30/66,Finnish,,
salvadori,http://en.wikipedia.org/wiki/Roy_Salvadori,Roy,Salvadori,5/12/22,British,,
sanesi,http://en.wikipedia.org/wiki/Consalvo_Sanesi,Consalvo,Sanesi,3/28/11,Italian,,
sargeant,http://en.wikipedia.org/wiki/Logan_Sargeant,Logan,Sargeant,12/31/00,American,2,SAR
sarrazin,http://en.wikipedia.org/wiki/St%C3%A9phane_Sarrazin,Stéphane,Sarrazin,11/2/75,French,,
sato,http://en.wikipedia.org/wiki/Takuma_Sato,Takuma,Sato,1/28/77,Japanese,,SAT
scarborough,http://en.wikipedia.org/wiki/Carl_Scarborough,Carl,Scarborough,7/3/14,American,,
scarfiotti,http://en.wikipedia.org/wiki/Ludovico_Scarfiotti,Ludovico,Scarfiotti,10/18/33,Italian,,
scarlatti,http://en.wikipedia.org/wiki/Giorgio_Scarlatti,Giorgio,Scarlatti,10/2/21,Italian,,
scheckter,http://en.wikipedia.org/wiki/Jody_Scheckter,Jody,Scheckter,1/29/50,South African,,
ian_scheckter,http://en.wikipedia.org/wiki/Ian_Scheckter,Ian,Scheckter,8/22/47,South African,,
schell,http://en.wikipedia.org/wiki/Harry_Schell,Harry,Schell,6/29/21,American,,
schenken,http://en.wikipedia.org/wiki/Tim_Schenken,Tim,Schenken,9/26/43,Australian,,
scherrer,http://en.wikipedia.org/wiki/Albert_Scherrer,Albert,Scherrer,2/28/08,Swiss,,
schiattarella,http://en.wikipedia.org/wiki/Domenico_Schiattarella,Domenico,Schiattarella,11/17/67,Italian,,
schiller,http://en.wikipedia.org/wiki/Heinz_Schiller,Heinz,Schiller,1/25/30,Swiss,,
schindler,http://en.wikipedia.org/wiki/Bill_Schindler,Bill,Schindler,3/6/09,American,,
schlesser,http://en.wikipedia.org/wiki/Jean-Louis_Schlesser,Jean-Louis,Schlesser,9/12/48,French,,
jo_schlesser,http://en.wikipedia.org/wiki/Jo_Schlesser,Jo,Schlesser,5/18/28,French,,
schneider,http://en.wikipedia.org/wiki/Bernd_Schneider_(racecar_driver),Bernd,Schneider,7/20/64,German,,
schoeller,http://en.wikipedia.org/wiki/Rudolf_Schoeller,Rudolf,Schoeller,4/27/02,Swiss,,
schroeder,http://en.wikipedia.org/wiki/Rob_Schroeder,Rob,Schroeder,5/11/26,British,,
mick_schumacher,http://en.wikipedia.org/wiki/Mick_Schumacher,Mick,Schumacher,3/22/99,German,47,MSC
ralf_schumacher,http://en.wikipedia.org/wiki/Ralf_Schumacher,Ralf,Schumacher,6/30/75,German,,SCH
michael_schumacher,http://en.wikipedia.org/wiki/Michael_Schumacher,Michael,Schumacher,1/3/69,German,,MSC
schuppan,http://en.wikipedia.org/wiki/Vern_Schuppan,Vern,Schuppan,3/19/43,Australian,,
bob_scott,http://en.wikipedia.org/wiki/Bob_Scott_(auto_racer),Bob,Scott,10/4/28,American,,
scott_Brown,http://en.wikipedia.org/wiki/Archie_Scott_Brown,Archie,Scott Brown,5/13/27,British,,
scotti,http://en.wikipedia.org/wiki/Piero_Scotti,Piero,Scotti,11/11/09,Italian,,
seidel,http://en.wikipedia.org/wiki/Wolfgang_Seidel,Wolfgang,Seidel,7/4/26,German,,
seiffert,http://en.wikipedia.org/wiki/G%C3%BCnther_Seiffert,Günther,Seiffert,10/18/37,German,,
bruno_senna,http://en.wikipedia.org/wiki/Bruno_Senna,Bruno,Senna,10/15/83,Brazilian,,SEN
senna,http://en.wikipedia.org/wiki/Ayrton_Senna,Ayrton,Senna,3/21/60,Brazilian,,
serafini,http://en.wikipedia.org/wiki/Dorino_Serafini,Dorino,Serafini,7/22/09,Italian,,
serra,http://en.wikipedia.org/wiki/Chico_Serra,Chico,Serra,2/3/57,Brazilian,,
serrurier,http://en.wikipedia.org/wiki/Doug_Serrurier,Doug,Serrurier,12/9/20,South African,,
gavin,http://en.wikipedia.org/wiki/Johnny_Servoz-Gavin,Johnny,Servoz-Gavin,1/18/42,French,,
settember,http://en.wikipedia.org/wiki/Tony_Settember,Tony,Settember,7/10/26,American,,
sharp,http://en.wikipedia.org/wiki/Hap_Sharp,Hap,Sharp,1/1/28,American,,
shawe_taylor,http://en.wikipedia.org/wiki/Brian_Shawe_Taylor,Brian,Shawe Taylor,1/28/15,British,,
shelby,http://en.wikipedia.org/wiki/Carroll_Shelby,Carroll,Shelby,1/11/23,American,,
shelly,http://en.wikipedia.org/wiki/Tony_Shelly,Tony,Shelly,2/2/37,New Zealander,,
siffert,http://en.wikipedia.org/wiki/Jo_Siffert,Jo,Siffert,7/7/36,Swiss,,
simon,http://en.wikipedia.org/wiki/Andr%C3%A9_Simon_(racing_driver),André,Simon,1/5/20,French,,
sirotkin,http://en.wikipedia.org/wiki/Sergey_Sirotkin_(racing_driver),Sergey,Sirotkin,8/27/95,Russian,35,SIR
slotemaker,http://en.wikipedia.org/wiki/Rob_Slotemaker,Rob,Slotemaker,6/13/29,Dutch,,
solana,http://en.wikipedia.org/wiki/Mois%C3%A9s_Solana,Moisés,Solana,12/26/35,Mexican,,
roig,http://en.wikipedia.org/wiki/Alex_Soler-Roig,Alex,Soler-Roig,10/29/32,Spanish,,
sommer,http://en.wikipedia.org/wiki/Raymond_Sommer,Raymond,Sommer,8/31/06,French,,
sospiri,http://en.wikipedia.org/wiki/Vincenzo_Sospiri,Vincenzo,Sospiri,10/7/66,Italian,,
south,http://en.wikipedia.org/wiki/Stephen_South,Stephen,South,2/19/52,British,,
sparken,http://en.wikipedia.org/wiki/Mike_Sparken,Mike,Sparken,6/16/30,French,,
speed,http://en.wikipedia.org/wiki/Scott_Speed,Scott,Speed,1/24/83,American,,SPE
spence,http://en.wikipedia.org/wiki/Mike_Spence,Mike,Spence,12/30/36,British,,
stacey,http://en.wikipedia.org/wiki/Alan_Stacey,Alan,Stacey,8/29/33,British,,
starrabba,http://en.wikipedia.org/wiki/Gaetano_Starrabba,Gaetano,Starrabba,12/3/32,Italian,,
stevens,http://en.wikipedia.org/wiki/Will_Stevens,Will,Stevens,6/28/91,British,28,STE
stevenson,http://en.wikipedia.org/wiki/Chuck_Stevenson,Chuck,Stevenson,10/15/19,American,,
jimmy_stewart,http://en.wikipedia.org/wiki/Jimmy_Stewart_(racing_driver),Jimmy,Stewart,3/6/31,British,,
ian_stewart,http://en.wikipedia.org/wiki/Ian_Stewart_(racing_driver),Ian,Stewart,7/15/29,British,,
stewart,http://en.wikipedia.org/wiki/Jackie_Stewart,Jackie,Stewart,6/11/39,British,,
stohr,http://en.wikipedia.org/wiki/Siegfried_Stohr,Siegfried,Stohr,10/10/52,Italian,,
stommelen,http://en.wikipedia.org/wiki/Rolf_Stommelen,Rolf,Stommelen,7/11/43,German,,
streiff,http://en.wikipedia.org/wiki/Philippe_Streiff,Philippe,Streiff,6/26/55,French,,
stroll,http://en.wikipedia.org/wiki/Lance_Stroll,Lance,Stroll,10/29/98,Canadian,18,STR
stuck,http://en.wikipedia.org/wiki/Hans_Joachim_Stuck,Hans-Joachim,Stuck,1/1/51,German,,
stuppacher,http://en.wikipedia.org/wiki/Otto_Stuppacher,Otto,Stuppacher,3/3/47,Austrian,,
sullivan,http://en.wikipedia.org/wiki/Danny_Sullivan,Danny,Sullivan,3/9/50,American,,
surer,http://en.wikipedia.org/wiki/Marc_Surer,Marc,Surer,9/18/51,Swiss,,
surtees,http://en.wikipedia.org/wiki/John_Surtees,John,Surtees,2/11/34,British,,
sutcliffe,http://en.wikipedia.org/wiki/Andy_Sutcliffe,Andy,Sutcliffe,5/9/47,British,,
sutil,http://en.wikipedia.org/wiki/Adrian_Sutil,Adrian,Sutil,1/11/83,German,99,SUT
sutton,http://en.wikipedia.org/wiki/Len_Sutton,Len,Sutton,8/9/25,American,,
suzuki,http://en.wikipedia.org/wiki/Aguri_Suzuki,Aguri,Suzuki,9/8/60,Japanese,,
toshio_suzuki,http://en.wikipedia.org/wiki/Toshio_Suzuki_(driver),Toshio,Suzuki,3/10/55,Japanese,,
swaters,http://en.wikipedia.org/wiki/Jacques_Swaters,Jacques,Swaters,10/30/26,American,,
sweikert,http://en.wikipedia.org/wiki/Bob_Sweikert,Bob,Sweikert,5/20/26,American,,
takagi,http://en.wikipedia.org/wiki/Toranosuke_Takagi,Toranosuke,Takagi,2/12/74,Japanese,,
takahara,http://en.wikipedia.org/wiki/Noritake_Takahara,Noritake,Takahara,6/6/51,Japanese,,
takahashi,http://en.wikipedia.org/wiki/Kunimitsu_Takahashi,Kunimitsu,Takahashi,1/29/40,Japanese,,
tambay,http://en.wikipedia.org/wiki/Patrick_Tambay,Patrick,Tambay,6/25/49,French,,
taramazzo,http://en.wikipedia.org/wiki/Luigi_Taramazzo,Luigi,Taramazzo,5/5/32,Italian,,
tarquini,http://en.wikipedia.org/wiki/Gabriele_Tarquini,Gabriele,Tarquini,3/2/62,Italian,,
taruffi,http://en.wikipedia.org/wiki/Piero_Taruffi,Piero,Taruffi,10/12/06,Italian,,
henry_taylor,http://en.wikipedia.org/wiki/Henry_Taylor_(racing_driver),Henry,Taylor,12/16/32,British,,
mike_taylor,http://en.wikipedia.org/wiki/Mike_Taylor_(driver),Mike,Taylor,4/24/34,British,,
dennis_taylor,http://en.wikipedia.org/wiki/Dennis_Taylor_(racing_driver),Dennis,Taylor,6/12/21,British,,
taylor,http://en.wikipedia.org/wiki/John_Taylor_(racer),John,Taylor,3/23/33,British,,
trevor_taylor,http://en.wikipedia.org/wiki/Trevor_Taylor,Trevor,Taylor,12/26/36,British,,
teague,http://en.wikipedia.org/wiki/Marshall_Teague_(racing_driver),Marshall,Teague,2/22/21,American,,
templeman,http://en.wikipedia.org/wiki/Shorty_Templeman,Shorty,Templeman,8/12/19,American,,
testut,http://en.wikipedia.org/wiki/Andr%C3%A9_Testut,André,Testut,4/13/26,Monegasque,,
thackwell,http://en.wikipedia.org/wiki/Mike_Thackwell,Mike,Thackwell,3/30/61,New Zealander,,
thiele,http://en.wikipedia.org/wiki/Alfonso_Thiele,Alfonso,Thiele,4/5/20,American-Italian,,
thompson,http://en.wikipedia.org/wiki/Eric_Thompson_(racing_driver),Eric,Thompson,11/4/19,British,,
thomson,http://en.wikipedia.org/wiki/Johnny_Thomson,Johnny,Thomson,4/9/22,American,,
thorne,http://en.wikipedia.org/wiki/Leslie_Thorne,Leslie,Thorne,6/23/16,British,,
tingelstad,http://en.wikipedia.org/wiki/Bud_Tingelstad,Bud,Tingelstad,4/4/28,American,,
tingle,http://en.wikipedia.org/wiki/Sam_Tingle,Sam,Tingle,8/24/21,Rhodesian,,
titterington,http://en.wikipedia.org/wiki/Desmond_Titterington,Desmond,Titterington,5/1/28,British,,
tolan,http://en.wikipedia.org/wiki/Johnnie_Tolan,Johnnie,Tolan,10/22/17,American,,
trimmer,http://en.wikipedia.org/wiki/Tony_Trimmer,Tony,Trimmer,1/24/43,British,,
trintignant,http://en.wikipedia.org/wiki/Maurice_Trintignant,Maurice,Trintignant,10/30/17,French,,
trulli,http://en.wikipedia.org/wiki/Jarno_Trulli,Jarno,Trulli,7/13/74,Italian,,TRU
tsunoda,http://en.wikipedia.org/wiki/Yuki_Tsunoda,Yuki,Tsunoda,5/11/00,Japanese,22,TSU
tuero,http://en.wikipedia.org/wiki/Esteban_Tuero,Esteban,Tuero,4/22/78,Argentine,,
tunmer,http://en.wikipedia.org/wiki/Guy_Tunmer,Guy,Tunmer,12/1/48,South African,,
turner,http://en.wikipedia.org/wiki/Jack_Turner_(driver),Jack,Turner,2/12/20,American,,
ulmen,http://en.wikipedia.org/wiki/Toni_Ulmen,Toni,Ulmen,1/25/06,German,,
jerry_unser,http://en.wikipedia.org/wiki/Jerry_Unser,Jerry,Unser,11/15/32,American,,
unser,http://en.wikipedia.org/wiki/Bobby_Unser,Bobby,Unser,2/20/34,American,,
uria,http://en.wikipedia.org/wiki/Alberto_Uria,Alberto,Uria,7/11/24,Uruguayan,,
vaccarella,http://en.wikipedia.org/wiki/Nino_Vaccarella,Nino,Vaccarella,3/4/33,Italian,,
poele,http://en.wikipedia.org/wiki/Eric_van_de_Poele,Eric,van de Poele,9/30/61,Belgian,,
garde,http://en.wikipedia.org/wiki/Giedo_van_der_Garde,Giedo,van der Garde,4/25/85,Dutch,,VDG
lof,http://en.wikipedia.org/wiki/Dries_van_der_Lof,Dries,van der Lof,8/23/19,Dutch,,
vyver,http://en.wikipedia.org/wiki/Syd_van_der_Vyver,Syd,van der Vyver,6/1/20,South African,,
lennep,http://en.wikipedia.org/wiki/Gijs_Van_Lennep,Gijs,van Lennep,3/16/42,Dutch,,
rooyen,http://en.wikipedia.org/wiki/Basil_van_Rooyen,Basil,van Rooyen,4/19/39,South African,,
vandoorne,http://en.wikipedia.org/wiki/Stoffel_Vandoorne,Stoffel,Vandoorne,3/26/92,Belgian,2,VAN
veith,http://en.wikipedia.org/wiki/Bob_Veith,Bob,Veith,11/1/26,American,,
vergne,http://en.wikipedia.org/wiki/Jean-%C3%89ric_Vergne,Jean-Éric,Vergne,4/25/90,French,25,VER
max_verstappen,http://en.wikipedia.org/wiki/Max_Verstappen,Max,Verstappen,9/30/97,Dutch,33,VER
verstappen,http://en.wikipedia.org/wiki/Jos_Verstappen,Jos,Verstappen,3/4/72,Dutch,,
vettel,http://en.wikipedia.org/wiki/Sebastian_Vettel,Sebastian,Vettel,7/3/87,German,5,VET
villeneuve,http://en.wikipedia.org/wiki/Jacques_Villeneuve,Jacques,Villeneuve,4/9/71,Canadian,,VIL
gilles_villeneuve,http://en.wikipedia.org/wiki/Gilles_Villeneuve,Gilles,Villeneuve,1/18/50,Canadian,,
villeneuve_sr,http://en.wikipedia.org/wiki/Jacques_Villeneuve_(elder),Jacques,Villeneuve Sr.,11/4/53,Canadian,,
villoresi,http://en.wikipedia.org/wiki/Luigi_Villoresi,Luigi,Villoresi,5/16/09,Italian,,
volonterio,http://en.wikipedia.org/wiki/Ottorino_Volonterio,Ottorino,Volonterio,12/7/17,Swiss,,
opel,http://en.wikipedia.org/wiki/Rikky_von_Opel,Rikky,von Opel,10/14/47,Liechtensteiner,,
hans_stuck,http://en.wikipedia.org/wiki/Hans_Von_Stuck,Hans,von Stuck,12/27/00,German,,
trips,http://en.wikipedia.org/wiki/Wolfgang_Graf_Berghe_von_Trips,Wolfgang,von Trips,5/4/28,German,,
vonlanthen,http://en.wikipedia.org/wiki/Jo_Vonlanthen,Jo,Vonlanthen,5/31/42,Swiss,,
vukovich,http://en.wikipedia.org/wiki/Bill_Vukovich,Bill,Vukovich,12/13/18,American,,
wacker,http://en.wikipedia.org/wiki/Fred_Wacker,Fred,Wacker,7/10/18,American,,
peter_walker,http://en.wikipedia.org/wiki/Peter_Walker_(driver),Peter,Walker,10/7/12,British,,
walker,http://en.wikipedia.org/wiki/David_Walker_(racing_driver),David,Walker,6/10/41,Australian,,
wallard,http://en.wikipedia.org/wiki/Lee_Wallard,Lee,Wallard,9/7/10,American,,
walter,http://en.wikipedia.org/wiki/Heini_Walter,Heini,Walter,7/28/27,Swiss,,
ward,http://en.wikipedia.org/wiki/Rodger_Ward,Rodger,Ward,1/10/21,American,,
warwick,http://en.wikipedia.org/wiki/Derek_Warwick,Derek,Warwick,8/27/54,British,,
watson,http://en.wikipedia.org/wiki/John_Watson_(racing_driver),John,Watson,5/4/46,British,,
webb,http://en.wikipedia.org/wiki/Travis_Webb,Travis,Webb,10/8/10,American,,
webber,http://en.wikipedia.org/wiki/Mark_Webber_(racing_driver),Mark,Webber,8/27/76,Australian,,WEB
wehrlein,http://en.wikipedia.org/wiki/Pascal_Wehrlein,Pascal,Wehrlein,10/18/94,German,94,WEH
weidler,http://en.wikipedia.org/wiki/Volker_Weidler,Volker,Weidler,3/18/62,German,,
weiler,http://en.wikipedia.org/wiki/Wayne_Weiler,Wayne,Weiler,12/9/34,American,,
wendlinger,http://en.wikipedia.org/wiki/Karl_Wendlinger,Karl,Wendlinger,12/20/68,Austrian,,
westbury,http://en.wikipedia.org/wiki/Peter_Westbury,Peter,Westbury,5/26/38,British,,
weyant,http://en.wikipedia.org/wiki/Chuck_Weyant,Chuck,Weyant,4/3/23,American,,
wharton,http://en.wikipedia.org/wiki/Ken_Wharton,Ken,Wharton,3/21/16,British,,
whiteaway,http://en.wikipedia.org/wiki/Ted_Whiteaway,Ted,Whiteaway,11/1/28,British,,
whitehead,http://en.wikipedia.org/wiki/Peter_Whitehead_(racing_driver),Peter,Whitehead,11/12/14,British,,
graham_whitehead,http://en.wikipedia.org/wiki/Graham_Whitehead,Graham,Whitehead,4/15/22,British,,
whitehouse,http://en.wikipedia.org/wiki/Bill_Whitehouse,Bill,Whitehouse,4/1/09,British,,
widdows,http://en.wikipedia.org/wiki/Robin_Widdows,Robin,Widdows,5/27/42,British,,
wietzes,http://en.wikipedia.org/wiki/Eppie_Wietzes,Eppie,Wietzes,5/28/38,Canadian,,
wilds,http://en.wikipedia.org/wiki/Mike_Wilds,Mike,Wilds,1/7/46,British,,
williams,http://en.wikipedia.org/wiki/Jonathan_Williams_(racing_driver),Jonathan,Williams,10/26/42,British,,
williamson,http://en.wikipedia.org/wiki/Roger_Williamson,Roger,Williamson,2/2/48,British,,
wilson,http://en.wikipedia.org/wiki/Justin_Wilson_(racing_driver),Justin,Wilson,7/31/78,British,,
desire_wilson,http://en.wikipedia.org/wiki/Desir%C3%A9_Wilson,Desiré,Wilson,11/26/53,South African,,
vic_wilson,http://en.wikipedia.org/wiki/Vic_Wilson_(motor_racing_driver),Vic,Wilson,4/14/31,British,,
dempsey_wilson,http://en.wikipedia.org/wiki/Dempsey_Wilson,Dempsey,Wilson,3/11/27,American,,
markus_winkelhock,http://en.wikipedia.org/wiki/Markus_Winkelhock,Markus,Winkelhock,6/13/80,German,,WIN
joachim_winkelhock,http://en.wikipedia.org/wiki/Joachim_Winkelhock,Joachim,Winkelhock,10/24/60,German,,
manfred_winkelhock,http://en.wikipedia.org/wiki/Manfred_Winkelhock,Manfred,Winkelhock,10/6/51,German,,
wisell,http://en.wikipedia.org/wiki/Reine_Wisell,Reine,Wisell,9/30/41,Swedish,,
wunderink,http://en.wikipedia.org/wiki/Roelof_Wunderink,Roelof,Wunderink,12/12/48,Dutch,,
wurz,http://en.wikipedia.org/wiki/Alexander_Wurz,Alexander,Wurz,2/15/74,Austrian,,WUR
yamamoto,http://en.wikipedia.org/wiki/Sakon_Yamamoto,Sakon,Yamamoto,7/9/82,Japanese,,YAM
yoong,http://en.wikipedia.org/wiki/Alex_Yoong,Alex,Yoong,7/20/76,Malaysian,,
zanardi,http://en.wikipedia.org/wiki/Alex_Zanardi,Alessandro,Zanardi,10/23/66,Italian,,
zapico,http://en.wikipedia.org/wiki/Emilio_Zapico,Emilio,Zapico,5/27/44,Spanish,,
zhou,http://en.wikipedia.org/wiki/Zhou_Guanyu,Guanyu,Zhou,5/30/99,Chinese,24,ZHO
zonta,http://en.wikipedia.org/wiki/Ricardo_Zonta,Ricardo,Zonta,3/23/76,Brazilian,,ZON
zorzi,http://en.wikipedia.org/wiki/Renzo_Zorzi,Renzo,Zorzi,12/12/46,Italian,,
zunino,http://en.wikipedia.org/wiki/Ricardo_Zunino,Ricardo,Zunino,4/13/49,Argentine,,