season,round,raceName,date,time,circuitId,circuit,location,country,long,lat
1995,1,Brazilian Grand Prix,3/26/95,N/A,interlagos,Autódromo José Carlos Pace,São Paulo,Brazil,-46.6997,-23.7036
1995,2,Argentine Grand Prix,4/9/95,N/A,galvez,Autódromo Juan y Oscar Gálvez,Buenos Aires,Argentina,-58.4593,-34.6943
1995,3,San Marino Grand Prix,4/30/95,N/A,imola,Autodromo Enzo e Dino Ferrari,Imola,Italy,11.7167,44.3439
1995,4,Spanish Grand Prix,5/14/95,N/A,catalunya,Circuit de Barcelona-Catalunya,Montmeló,Spain,2.26111,41.57
1995,5,Monaco Grand Prix,5/28/95,N/A,monaco,Circuit de Monaco,Monte-Carlo,Monaco,7.42056,43.7347
1995,6,Canadian Grand Prix,6/11/95,N/A,villeneuve,Circuit Gilles Villeneuve,Montreal,Canada,-73.5228,45.5
1995,7,French Grand Prix,7/2/95,N/A,magny_cours,Circuit de Nevers Magny-Cours,Magny Cours,France,3.16361,46.8642
1995,8,British Grand Prix,7/16/95,N/A,silverstone,Silverstone Circuit,Silverstone,UK,-1.01694,52.0786
1995,9,German Grand Prix,7/30/95,N/A,hockenheimring,Hockenheimring,Hockenheim,Germany,8.56583,49.3278
1995,10,Hungarian Grand Prix,8/13/95,N/A,hungaroring,Hungaroring,Budapest,Hungary,19.2486,47.5789
1995,11,Belgian Grand Prix,8/27/95,N/A,spa,Circuit de Spa-Francorchamps,Spa,Belgium,5.97139,50.4372
1995,12,Italian Grand Prix,9/10/95,N/A,monza,Autodromo Nazionale di Monza,Monza,Italy,9.28111,45.6156
1995,13,Portuguese Grand Prix,9/24/95,N/A,estoril,Autódromo do Estoril,Estoril,Portugal,-9.39417,38.7506
1995,14,European Grand Prix,10/1/95,N/A,nurburgring,Nürburgring,Nürburg,Germany,6.9475,50.3356
1995,15,Pacific Grand Prix,10/22/95,N/A,okayama,Okayama International Circuit,Okayama,Japan,134.221,34.915
1995,16,Japanese Grand Prix,10/29/95,N/A,suzuka,Suzuka Circuit,Suzuka,Japan,136.541,34.8431
1995,17,Australian Grand Prix,11/12/95,N/A,adelaide,Adelaide Street Circuit,Adelaide,Australia,138.617,-34.9272
1996,1,Australian Grand Prix,3/10/96,N/A,albert_park,Albert Park Grand Prix Circuit,Melbourne,Australia,144.968,-37.8497
1996,2,Brazilian Grand Prix,3/31/96,N/A,interlagos,Autódromo José Carlos Pace,São Paulo,Brazil,-46.6997,-23.7036
1996,3,Argentine Grand Prix,4/7/96,N/A,galvez,Autódromo Juan y Oscar Gálvez,Buenos Aires,Argentina,-58.4593,-34.6943
1996,4,European Grand Prix,4/28/96,N/A,nurburgring,Nürburgring,Nürburg,Germany,6.9475,50.3356
1996,5,San Marino Grand Prix,5/5/96,N/A,imola,Autodromo Enzo e Dino Ferrari,Imola,Italy,11.7167,44.3439
1996,6,Monaco Grand Prix,5/19/96,N/A,monaco,Circuit de Monaco,Monte-Carlo,Monaco,7.42056,43.7347
1996,7,Spanish Grand Prix,6/2/96,N/A,catalunya,Circuit de Barcelona-Catalunya,Montmeló,Spain,2.26111,41.57
1996,8,Canadian Grand Prix,6/16/96,N/A,villeneuve,Circuit Gilles Villeneuve,Montreal,Canada,-73.5228,45.5
1996,9,French Grand Prix,6/30/96,N/A,magny_cours,Circuit de Nevers Magny-Cours,Magny Cours,France,3.16361,46.8642
1996,10,British Grand Prix,7/14/96,N/A,silverstone,Silverstone Circuit,Silverstone,UK,-1.01694,52.0786
1996,11,German Grand Prix,7/28/96,N/A,hockenheimring,Hockenheimring,Hockenheim,Germany,8.56583,49.3278
1996,12,Hungarian Grand Prix,8/11/96,N/A,hungaroring,Hungaroring,Budapest,Hungary,19.2486,47.5789
1996,13,Belgian Grand Prix,8/25/96,N/A,spa,Circuit de Spa-Francorchamps,Spa,Belgium,5.97139,50.4372
1996,14,Italian Grand Prix,9/8/96,N/A,monza,Autodromo Nazionale di Monza,Monza,Italy,9.28111,45.6156
1996,15,Portuguese Grand Prix,9/22/96,N/A,estoril,Autódromo do Estoril,Estoril,Portugal,-9.39417,38.7506
1996,16,Japanese Grand Prix,10/13/96,N/A,suzuka,Suzuka Circuit,Suzuka,Japan,136.541,34.8431
1997,1,Australian Grand Prix,3/9/97,N/A,albert_park,Albert Park Grand Prix Circuit,Melbourne,Australia,144.968,-37.8497
1997,2,Brazilian Grand Prix,3/30/97,N/A,interlagos,Autódromo José Carlos Pace,São Paulo,Brazil,-46.6997,-23.7036
1997,3,Argentine Grand Prix,4/13/97,N/A,galvez,Autódromo Juan y Oscar Gálvez,Buenos Aires,Argentina,-58.4593,-34.6943
1997,4,San Marino Grand Prix,4/27/97,N/A,imola,Autodromo Enzo e Dino Ferrari,Imola,Italy,11.7167,44.3439
1997,5,Monaco Grand Prix,5/11/97,N/A,monaco,Circuit de Monaco,Monte-Carlo,Monaco,7.42056,43.7347
1997,6,Spanish Grand Prix,5/25/97,N/A,catalunya,Circuit de Barcelona-Catalunya,Montmeló,Spain,2.26111,41.57
1997,7,Canadian Grand Prix,6/15/97,N/A,villeneuve,Circuit Gilles Villeneuve,Montreal,Canada,-73.5228,45.5
1997,8,French Grand Prix,6/29/97,N/A,magny_cours,Circuit de Nevers Magny-Cours,Magny Cours,France,3.16361,46.8642
1997,9,British Grand Prix,7/13/97,N/A,silverstone,Silverstone Circuit,Silverstone,UK,-1.01694,52.0786
1997,10,German Grand Prix,7/27/97,N/A,hockenheimring,Hockenheimring,Hockenheim,Germany,8.56583,49.3278
1997,11,Hungarian Grand Prix,8/10/97,N/A,hungaroring,Hungaroring,Budapest,Hungary,19.2486,47.5789
1997,12,Belgian Grand Prix,8/24/97,N/A,spa,Circuit de Spa-Francorchamps,Spa,Belgium,5.97139,50.4372
1997,13,Italian Grand Prix,9/7/97,N/A,monza,Autodromo Nazionale di Monza,Monza,Italy,9.28111,45.6156
1997,14,Austrian Grand Prix,9/21/97,N/A,red_bull_ring,Red Bull Ring,Spielberg,Austria,14.7647,47.2197
1997,15,Luxembourg Grand Prix,9/28/97,N/A,nurburgring,Nürburgring,Nürburg,Germany,6.9475,50.3356
1997,16,Japanese Grand Prix,10/12/97,N/A,suzuka,Suzuka Circuit,Suzuka,Japan,136.541,34.8431
1997,17,European Grand Prix,10/26/97,N/A,jerez,Circuito de Jerez,Jerez de la Frontera,Spain,-6.03417,36.7083
1998,1,Australian Grand Prix,3/8/98,N/A,albert_park,Albert Park Grand Prix Circuit,Melbourne,Australia,144.968,-37.8497
1998,2,Brazilian Grand Prix,3/29/98,N/A,interlagos,Autódromo José Carlos Pace,São Paulo,Brazil,-46.6997,-23.7036
1998,3,Argentine Grand Prix,4/12/98,N/A,galvez,Autódromo Juan y Oscar Gálvez,Buenos Aires,Argentina,-58.4593,-34.6943
1998,4,San Marino Grand Prix,4/26/98,N/A,imola,Autodromo Enzo e Dino Ferrari,Imola,Italy,11.7167,44.3439
1998,5,Spanish Grand Prix,5/10/98,N/A,catalunya,Circuit de Barcelona-Catalunya,Montmeló,Spain,2.26111,41.57
1998,6,Monaco Grand Prix,5/24/98,N/A,monaco,Circuit de Monaco,Monte-Carlo,Monaco,7.42056,43.7347
1998,7,Canadian Grand Prix,6/7/98,N/A,villeneuve,Circuit Gilles Villeneuve,Montreal,Canada,-73.5228,45.5
1998,8,French Grand Prix,6/28/98,N/A,magny_cours,Circuit de Nevers Magny-Cours,Magny Cours,France,3.16361,46.8642
1998,9,British Grand Prix,7/12/98,N/A,silverstone,Silverstone Circuit,Silverstone,UK,-1.01694,52.0786
1998,10,Austrian Grand Prix,7/26/98,N/A,red_bull_ring,Red Bull Ring,Spielberg,Austria,14.7647,47.2197
1998,11,German Grand Prix,8/2/98,N/A,hockenheimring,Hockenheimring,Hockenheim,Germany,8.56583,49.3278
1998,12,Hungarian Grand Prix,8/16/98,N/A,hungaroring,Hungaroring,Budapest,Hungary,19.2486,47.5789
1998,13,Belgian Grand Prix,8/30/98,N/A,spa,Circuit de Spa-Francorchamps,Spa,Belgium,5.97139,50.4372
1998,14,Italian Grand Prix,9/13/98,N/A,monza,Autodromo Nazionale di Monza,Monza,Italy,9.28111,45.6156
1998,15,Luxembourg Grand Prix,9/27/98,N/A,nurburgring,Nürburgring,Nürburg,Germany,6.9475,50.3356
1998,16,Japanese Grand Prix,11/1/98,N/A,suzuka,Suzuka Circuit,Suzuka,Japan,136.541,34.8431
1999,1,Australian Grand Prix,3/7/99,N/A,albert_park,Albert Park Grand Prix Circuit,Melbourne,Australia,144.968,-37.8497
1999,2,Brazilian Grand Prix,4/11/99,N/A,interlagos,Autódromo José Carlos Pace,São Paulo,Brazil,-46.6997,-23.7036
1999,3,San Marino Grand Prix,5/2/99,N/A,imola,Autodromo Enzo e Dino Ferrari,Imola,Italy,11.7167,44.3439
1999,4,Monaco Grand Prix,5/16/99,N/A,monaco,Circuit de Monaco,Monte-Carlo,Monaco,7.42056,43.7347
1999,5,Spanish Grand Prix,5/30/99,N/A,catalunya,Circuit de Barcelona-Catalunya,Montmeló,Spain,2.26111,41.57
1999,6,Canadian Grand Prix,6/13/99,N/A,villeneuve,Circuit Gilles Villeneuve,Montreal,Canada,-73.5228,45.5
1999,7,French Grand Prix,6/27/99,N/A,magny_cours,Circuit de Nevers Magny-Cours,Magny Cours,France,3.16361,46.8642
1999,8,British Grand Prix,7/11/99,N/A,silverstone,Silverstone Circuit,Silverstone,UK,-1.01694,52.0786
1999,9,Austrian Grand Prix,7/25/99,N/A,red_bull_ring,Red Bull Ring,Spielberg,Austria,14.7647,47.2197
1999,10,German Grand Prix,8/1/99,N/A,hockenheimring,Hockenheimring,Hockenheim,Germany,8.56583,49.3278
1999,11,Hungarian Grand Prix,8/15/99,N/A,hungaroring,Hungaroring,Budapest,Hungary,19.2486,47.5789
1999,12,Belgian Grand Prix,8/29/99,N/A,spa,Circuit de Spa-Francorchamps,Spa,Belgium,5.97139,50.4372
1999,13,Italian Grand Prix,9/12/99,N/A,monza,Autodromo Nazionale di Monza,Monza,Italy,9.28111,45.6156
1999,14,European Grand Prix,9/26/99,N/A,nurburgring,Nürburgring,Nürburg,Germany,6.9475,50.3356
1999,15,Malaysian Grand Prix,10/17/99,N/A,sepang,Sepang International Circuit,Kuala Lumpur,Malaysia,101.738,2.76083
1999,16,Japanese Grand Prix,10/31/99,N/A,suzuka,Suzuka Circuit,Suzuka,Japan,136.541,34.8431
2000,1,Australian Grand Prix,3/12/00,N/A,albert_park,Albert Park Grand Prix Circuit,Melbourne,Australia,144.968,-37.8497
2000,2,Brazilian Grand Prix,3/26/00,N/A,interlagos,Autódromo José Carlos Pace,São Paulo,Brazil,-46.6997,-23.7036
2000,3,San Marino Grand Prix,4/9/00,N/A,imola,Autodromo Enzo e Dino Ferrari,Imola,Italy,11.7167,44.3439
2000,4,British Grand Prix,4/23/00,N/A,silverstone,Silverstone Circuit,Silverstone,UK,-1.01694,52.0786
2000,5,Spanish Grand Prix,5/7/00,N/A,catalunya,Circuit de Barcelona-Catalunya,Montmeló,Spain,2.26111,41.57
2000,6,European Grand Prix,5/21/00,N/A,nurburgring,Nürburgring,Nürburg,Germany,6.9475,50.3356
2000,7,Monaco Grand Prix,6/4/00,N/A,monaco,Circuit de Monaco,Monte-Carlo,Monaco,7.42056,43.7347
2000,8,Canadian Grand Prix,6/18/00,N/A,villeneuve,Circuit Gilles Villeneuve,Montreal,Canada,-73.5228,45.5
2000,9,French Grand Prix,7/2/00,N/A,magny_cours,Circuit de Nevers Magny-Cours,Magny Cours,France,3.16361,46.8642
2000,10,Austrian Grand Prix,7/16/00,N/A,red_bull_ring,Red Bull Ring,Spielberg,Austria,14.7647,47.2197
2000,11,German Grand Prix,7/30/00,N/A,hockenheimring,Hockenheimring,Hockenheim,Germany,8.56583,49.3278
2000,12,Hungarian Grand Prix,8/13/00,N/A,hungaroring,Hungaroring,Budapest,Hungary,19.2486,47.5789
2000,13,Belgian Grand Prix,8/27/00,N/A,spa,Circuit de Spa-Francorchamps,Spa,Belgium,5.97139,50.4372
2000,14,Italian Grand Prix,9/10/00,N/A,monza,Autodromo Nazionale di Monza,Monza,Italy,9.28111,45.6156
2000,15,United States Grand Prix,9/24/00,N/A,indianapolis,Indianapolis Motor Speedway,Indianapolis,USA,-86.2347,39.795
2000,16,Japanese Grand Prix,10/8/00,N/A,suzuka,Suzuka Circuit,Suzuka,Japan,136.541,34.8431
2000,17,Malaysian Grand Prix,10/22/00,N/A,sepang,Sepang International Circuit,Kuala Lumpur,Malaysia,101.738,2.76083
2001,1,Australian Grand Prix,3/4/01,N/A,albert_park,Albert Park Grand Prix Circuit,Melbourne,Australia,144.968,-37.8497
2001,2,Malaysian Grand Prix,3/18/01,N/A,sepang,Sepang International Circuit,Kuala Lumpur,Malaysia,101.738,2.76083
2001,3,Brazilian Grand Prix,4/1/01,N/A,interlagos,Autódromo José Carlos Pace,São Paulo,Brazil,-46.6997,-23.7036
2001,4,San Marino Grand Prix,4/15/01,N/A,imola,Autodromo Enzo e Dino Ferrari,Imola,Italy,11.7167,44.3439
2001,5,Spanish Grand Prix,4/29/01,N/A,catalunya,Circuit de Barcelona-Catalunya,Montmeló,Spain,2.26111,41.57
2001,6,Austrian Grand Prix,5/13/01,N/A,red_bull_ring,Red Bull Ring,Spielberg,Austria,14.7647,47.2197
2001,7,Monaco Grand Prix,5/27/01,N/A,monaco,Circuit de Monaco,Monte-Carlo,Monaco,7.42056,43.7347
2001,8,Canadian Grand Prix,6/10/01,N/A,villeneuve,Circuit Gilles Villeneuve,Montreal,Canada,-73.5228,45.5
2001,9,European Grand Prix,6/24/01,N/A,nurburgring,Nürburgring,Nürburg,Germany,6.9475,50.3356
2001,10,French Grand Prix,7/1/01,N/A,magny_cours,Circuit de Nevers Magny-Cours,Magny Cours,France,3.16361,46.8642
2001,11,British Grand Prix,7/15/01,N/A,silverstone,Silverstone Circuit,Silverstone,UK,-1.01694,52.0786
2001,12,German Grand Prix,7/29/01,N/A,hockenheimring,Hockenheimring,Hockenheim,Germany,8.56583,49.3278
2001,13,Hungarian Grand Prix,8/19/01,N/A,hungaroring,Hungaroring,Budapest,Hungary,19.2486,47.5789
2001,14,Belgian Grand Prix,9/2/01,N/A,spa,Circuit de Spa-Francorchamps,Spa,Belgium,5.97139,50.4372
2001,15,Italian Grand Prix,9/16/01,N/A,monza,Autodromo Nazionale di Monza,Monza,Italy,9.28111,45.6156
2001,16,United States Grand Prix,9/30/01,N/A,indianapolis,Indianapolis Motor Speedway,Indianapolis,USA,-86.2347,39.795
2001,17,Japanese Grand Prix,10/14/01,N/A,suzuka,Suzuka Circuit,Suzuka,Japan,136.541,34.8431
2002,1,Australian Grand Prix,3/3/02,N/A,albert_park,Albert Park Grand Prix Circuit,Melbourne,Australia,144.968,-37.8497
2002,2,Malaysian Grand Prix,3/17/02,N/A,sepang,Sepang International Circuit,Kuala Lumpur,Malaysia,101.738,2.76083
2002,3,Brazilian Grand Prix,3/31/02,N/A,interlagos,Autódromo José Carlos Pace,São Paulo,Brazil,-46.6997,-23.7036
2002,4,San Marino Grand Prix,4/14/02,N/A,imola,Autodromo Enzo e Dino Ferrari,Imola,Italy,11.7167,44.3439
2002,5,Spanish Grand Prix,4/28/02,N/A,catalunya,Circuit de Barcelona-Catalunya,Montmeló,Spain,2.26111,41.57
2002,6,Austrian Grand Prix,5/12/02,N/A,red_bull_ring,Red Bull Ring,Spielberg,Austria,14.7647,47.2197
2002,7,Monaco Grand Prix,5/26/02,N/A,monaco,Circuit de Monaco,Monte-Carlo,Monaco,7.42056,43.7347
2002,8,Canadian Grand Prix,6/9/02,N/A,villeneuve,Circuit Gilles Villeneuve,Montreal,Canada,-73.5228,45.5
2002,9,European Grand Prix,6/23/02,N/A,nurburgring,Nürburgring,Nürburg,Germany,6.9475,50.3356
2002,10,British Grand Prix,7/7/02,N/A,silverstone,Silverstone Circuit,Silverstone,UK,-1.01694,52.0786
2002,11,French Grand Prix,7/21/02,N/A,magny_cours,Circuit de Nevers Magny-Cours,Magny Cours,France,3.16361,46.8642
2002,12,German Grand Prix,7/28/02,N/A,hockenheimring,Hockenheimring,Hockenheim,Germany,8.56583,49.3278
2002,13,Hungarian Grand Prix,8/18/02,N/A,hungaroring,Hungaroring,Budapest,Hungary,19.2486,47.5789
2002,14,Belgian Grand Prix,9/1/02,N/A,spa,Circuit de Spa-Francorchamps,Spa,Belgium,5.97139,50.4372
2002,15,Italian Grand Prix,9/15/02,N/A,monza,Autodromo Nazionale di Monza,Monza,Italy,9.28111,45.6156
2002,16,United States Grand Prix,9/29/02,N/A,indianapolis,Indianapolis Motor Speedway,Indianapolis,USA,-86.2347,39.795
2002,17,Japanese Grand Prix,10/13/02,N/A,suzuka,Suzuka Circuit,Suzuka,Japan,136.541,34.8431
2003,1,Australian Grand Prix,3/9/03,N/A,albert_park,Albert Park Grand Prix Circuit,Melbourne,Australia,144.968,-37.8497
2003,2,Malaysian Grand Prix,3/23/03,N/A,sepang,Sepang International Circuit,Kuala Lumpur,Malaysia,101.738,2.76083
2003,3,Brazilian Grand Prix,4/6/03,N/A,interlagos,Autódromo José Carlos Pace,São Paulo,Brazil,-46.6997,-23.7036
2003,4,San Marino Grand Prix,4/20/03,N/A,imola,Autodromo Enzo e Dino Ferrari,Imola,Italy,11.7167,44.3439
2003,5,Spanish Grand Prix,5/4/03,N/A,catalunya,Circuit de Barcelona-Catalunya,Montmeló,Spain,2.26111,41.57
2003,6,Austrian Grand Prix,5/18/03,N/A,red_bull_ring,Red Bull Ring,Spielberg,Austria,14.7647,47.2197
2003,7,Monaco Grand Prix,6/1/03,N/A,monaco,Circuit de Monaco,Monte-Carlo,Monaco,7.42056,43.7347
2003,8,Canadian Grand Prix,6/15/03,N/A,villeneuve,Circuit Gilles Villeneuve,Montreal,Canada,-73.5228,45.5
2003,9,European Grand Prix,6/29/03,N/A,nurburgring,Nürburgring,Nürburg,Germany,6.9475,50.3356
2003,10,French Grand Prix,7/6/03,N/A,magny_cours,Circuit de Nevers Magny-Cours,Magny Cours,France,3.16361,46.8642
2003,11,British Grand Prix,7/20/03,N/A,silverstone,Silverstone Circuit,Silverstone,UK,-1.01694,52.0786
2003,12,German Grand Prix,8/3/03,N/A,hockenheimring,Hockenheimring,Hockenheim,Germany,8.56583,49.3278
2003,13,Hungarian Grand Prix,8/24/03,N/A,hungaroring,Hungaroring,Budapest,Hungary,19.2486,47.5789
2003,14,Italian Grand Prix,9/14/03,N/A,monza,Autodromo Nazionale di Monza,Monza,Italy,9.28111,45.6156
2003,15,United States Grand Prix,9/28/03,N/A,indianapolis,Indianapolis Motor Speedway,Indianapolis,USA,-86.2347,39.795
2003,16,Japanese Grand Prix,10/12/03,N/A,suzuka,Suzuka Circuit,Suzuka,Japan,136.541,34.8431
2004,1,Australian Grand Prix,3/7/04,N/A,albert_park,Albert Park Grand Prix Circuit,Melbourne,Australia,144.968,-37.8497
2004,2,Malaysian Grand Prix,3/21/04,N/A,sepang,Sepang International Circuit,Kuala Lumpur,Malaysia,101.738,2.76083
2004,3,Bahrain Grand Prix,4/4/04,N/A,bahrain,Bahrain International Circuit,Sakhir,Bahrain,50.5106,26.0325
2004,4,San Marino Grand Prix,4/25/04,N/A,imola,Autodromo Enzo e Dino Ferrari,Imola,Italy,11.7167,44.3439
2004,5,Spanish Grand Prix,5/9/04,N/A,catalunya,Circuit de Barcelona-Catalunya,Montmeló,Spain,2.26111,41.57
2004,6,Monaco Grand Prix,5/23/04,N/A,monaco,Circuit de Monaco,Monte-Carlo,Monaco,7.42056,43.7347
2004,7,European Grand Prix,5/30/04,N/A,nurburgring,Nürburgring,Nürburg,Germany,6.9475,50.3356
2004,8,Canadian Grand Prix,6/13/04,N/A,villeneuve,Circuit Gilles Villeneuve,Montreal,Canada,-73.5228,45.5
2004,9,United States Grand Prix,6/20/04,N/A,indianapolis,Indianapolis Motor Speedway,Indianapolis,USA,-86.2347,39.795
2004,10,French Grand Prix,7/4/04,N/A,magny_cours,Circuit de Nevers Magny-Cours,Magny Cours,France,3.16361,46.8642
2004,11,British Grand Prix,7/11/04,N/A,silverstone,Silverstone Circuit,Silverstone,UK,-1.01694,52.0786
2004,12,German Grand Prix,7/25/04,N/A,hockenheimring,Hockenheimring,Hockenheim,Germany,8.56583,49.3278
2004,13,Hungarian Grand Prix,8/15/04,N/A,hungaroring,Hungaroring,Budapest,Hungary,19.2486,47.5789
2004,14,Belgian Grand Prix,8/29/04,N/A,spa,Circuit de Spa-Francorchamps,Spa,Belgium,5.97139,50.4372
2004,15,Italian Grand Prix,9/12/04,N/A,monza,Autodromo Nazionale di Monza,Monza,Italy,9.28111,45.6156
2004,16,Chinese Grand Prix,9/26/04,N/A,shanghai,Shanghai International Circuit,Shanghai,China,121.22,31.3389
2004,17,Japanese Grand Prix,10/10/04,N/A,suzuka,Suzuka Circuit,Suzuka,Japan,136.541,34.8431
2004,18,Brazilian Grand Prix,10/24/04,N/A,interlagos,Autódromo José Carlos Pace,São Paulo,Brazil,-46.6997,-23.7036
2005,1,Australian Grand Prix,3/6/05,14:00:00Z,albert_park,Albert Park Grand Prix Circuit,Melbourne,Australia,144.968,-37.8497
2005,2,Malaysian Grand Prix,3/20/05,15:00:00Z,sepang,Sepang International Circuit,Kuala Lumpur,Malaysia,101.738,2.76083
2005,3,Bahrain Grand Prix,4/3/05,14:30:00Z,bahrain,Bahrain International Circuit,Sakhir,Bahrain,50.5106,26.0325
2005,4,San Marino Grand Prix,4/24/05,14:00:00Z,imola,Autodromo Enzo e Dino Ferrari,Imola,Italy,11.7167,44.3439
2005,5,Spanish Grand Prix,5/8/05,14:00:00Z,catalunya,Circuit de Barcelona-Catalunya,Montmeló,Spain,2.26111,41.57
2005,6,Monaco Grand Prix,5/22/05,14:00:00Z,monaco,Circuit de Monaco,Monte-Carlo,Monaco,7.42056,43.7347
2005,7,European Grand Prix,5/29/05,14:00:00Z,nurburgring,Nürburgring,Nürburg,Germany,6.9475,50.3356
2005,8,Canadian Grand Prix,6/12/05,13:00:00Z,villeneuve,Circuit Gilles Villeneuve,Montreal,Canada,-73.5228,45.5
2005,9,United States Grand Prix,6/19/05,14:00:00Z,indianapolis,Indianapolis Motor Speedway,Indianapolis,USA,-86.2347,39.795
2005,10,French Grand Prix,7/3/05,14:00:00Z,magny_cours,Circuit de Nevers Magny-Cours,Magny Cours,France,3.16361,46.8642
2005,11,British Grand Prix,7/10/05,14:00:00Z,silverstone,Silverstone Circuit,Silverstone,UK,-1.01694,52.0786
2005,12,German Grand Prix,7/24/05,14:00:00Z,hockenheimring,Hockenheimring,Hockenheim,Germany,8.56583,49.3278
2005,13,Hungarian Grand Prix,7/31/05,14:00:00Z,hungaroring,Hungaroring,Budapest,Hungary,19.2486,47.5789
2005,14,Turkish Grand Prix,8/21/05,15:00:00Z,istanbul,Istanbul Park,Istanbul,Turkey,29.405,40.9517
2005,15,Italian Grand Prix,9/4/05,14:00:00Z,monza,Autodromo Nazionale di Monza,Monza,Italy,9.28111,45.6156
2005,16,Belgian Grand Prix,9/11/05,14:00:00Z,spa,Circuit de Spa-Francorchamps,Spa,Belgium,5.97139,50.4372
2005,17,Brazilian Grand Prix,9/25/05,14:00:00Z,interlagos,Autódromo José Carlos Pace,São Paulo,Brazil,-46.6997,-23.7036
2005,18,Japanese Grand Prix,10/9/05,14:00:00Z,suzuka,Suzuka Circuit,Suzuka,Japan,136.541,34.8431
2005,19,Chinese Grand Prix,10/16/05,14:00:00Z,shanghai,Shanghai International Circuit,Shanghai,China,121.22,31.3389
2006,1,Bahrain Grand Prix,3/12/06,14:30:00Z,bahrain,Bahrain International Circuit,Sakhir,Bahrain,50.5106,26.0325
2006,2,Malaysian Grand Prix,3/19/06,15:00:00Z,sepang,Sepang International Circuit,Kuala Lumpur,Malaysia,101.738,2.76083
2006,3,Australian Grand Prix,4/2/06,14:00:00Z,albert_park,Albert Park Grand Prix Circuit,Melbourne,Australia,144.968,-37.8497
2006,4,San Marino Grand Prix,4/23/06,14:00:00Z,imola,Autodromo Enzo e Dino Ferrari,Imola,Italy,11.7167,44.3439
2006,5,European Grand Prix,5/7/06,14:00:00Z,nurburgring,Nürburgring,Nürburg,Germany,6.9475,50.3356
2006,6,Spanish Grand Prix,5/14/06,14:00:00Z,catalunya,Circuit de Barcelona-Catalunya,Montmeló,Spain,2.26111,41.57
2006,7,Monaco Grand Prix,5/28/06,14:00:00Z,monaco,Circuit de Monaco,Monte-Carlo,Monaco,7.42056,43.7347
2006,8,British Grand Prix,6/11/06,12:00:00Z,silverstone,Silverstone Circuit,Silverstone,UK,-1.01694,52.0786
2006,9,Canadian Grand Prix,6/25/06,13:00:00Z,villeneuve,Circuit Gilles Villeneuve,Montreal,Canada,-73.5228,45.5
2006,10,United States Grand Prix,7/2/06,14:00:00Z,indianapolis,Indianapolis Motor Speedway,Indianapolis,USA,-86.2347,39.795
2006,11,French Grand Prix,7/16/06,14:00:00Z,magny_cours,Circuit de Nevers Magny-Cours,Magny Cours,France,3.16361,46.8642
2006,12,German Grand Prix,7/30/06,14:00:00Z,hockenheimring,Hockenheimring,Hockenheim,Germany,8.56583,49.3278
2006,13,Hungarian Grand Prix,8/6/06,14:00:00Z,hungaroring,Hungaroring,Budapest,Hungary,19.2486,47.5789
2006,14,Turkish Grand Prix,8/27/06,15:00:00Z,istanbul,Istanbul Park,Istanbul,Turkey,29.405,40.9517
2006,15,Italian Grand Prix,9/10/06,14:00:00Z,monza,Autodromo Nazionale di Monza,Monza,Italy,9.28111,45.6156
2006,16,Chinese Grand Prix,10/1/06,14:00:00Z,shanghai,Shanghai International Circuit,Shanghai,China,121.22,31.3389
2006,17,Japanese Grand Prix,10/8/06,14:00:00Z,suzuka,Suzuka Circuit,Suzuka,Japan,136.541,34.8431
2006,18,Brazilian Grand Prix,10/22/06,14:00:00Z,interlagos,Autódromo José Carlos Pace,São Paulo,Brazil,-46.6997,-23.7036
2007,1,Australian Grand Prix,3/18/07,03:00:00Z,albert_park,Albert Park Grand Prix Circuit,Melbourne,Australia,144.968,-37.8497
2007,2,Malaysian Grand Prix,4/8/07,07:00:00Z,sepang,Sepang International Circuit,Kuala Lumpur,Malaysia,101.738,2.76083
2007,3,Bahrain Grand Prix,4/15/07,11:30:00Z,bahrain,Bahrain International Circuit,Sakhir,Bahrain,50.5106,26.0325
2007,4,Spanish Grand Prix,5/13/07,12:00:00Z,catalunya,Circuit de Barcelona-Catalunya,Montmeló,Spain,2.26111,41.57
2007,5,Monaco Grand Prix,5/27/07,12:00:00Z,monaco,Circuit de Monaco,Monte-Carlo,Monaco,7.42056,43.7347
2007,6,Canadian Grand Prix,6/10/07,17:00:00Z,villeneuve,Circuit Gilles Villeneuve,Montreal,Canada,-73.5228,45.5
2007,7,United States Grand Prix,6/17/07,17:00:00Z,indianapolis,Indianapolis Motor Speedway,Indianapolis,USA,-86.2347,39.795
2007,8,French Grand Prix,7/1/07,12:00:00Z,magny_cours,Circuit de Nevers Magny-Cours,Magny Cours,France,3.16361,46.8642
2007,9,British Grand Prix,7/8/07,12:00:00Z,silverstone,Silverstone Circuit,Silverstone,UK,-1.01694,52.0786
2007,10,European Grand Prix,7/22/07,12:00:00Z,nurburgring,Nürburgring,Nürburg,Germany,6.9475,50.3356
2007,11,Hungarian Grand Prix,8/5/07,12:00:00Z,hungaroring,Hungaroring,Budapest,Hungary,19.2486,47.5789
2007,12,Turkish Grand Prix,8/26/07,12:00:00Z,istanbul,Istanbul Park,Istanbul,Turkey,29.405,40.9517
2007,13,Italian Grand Prix,9/9/07,12:00:00Z,monza,Autodromo Nazionale di Monza,Monza,Italy,9.28111,45.6156
2007,14,Belgian Grand Prix,9/16/07,12:00:00Z,spa,Circuit de Spa-Francorchamps,Spa,Belgium,5.97139,50.4372
2007,15,Japanese Grand Prix,9/30/07,04:30:00Z,fuji,Fuji Speedway,Oyama,Japan,138.927,35.3717
2007,16,Chinese Grand Prix,10/7/07,06:00:00Z,shanghai,Shanghai International Circuit,Shanghai,China,121.22,31.3389
2007,17,Brazilian Grand Prix,10/21/07,16:00:00Z,interlagos,Autódromo José Carlos Pace,São Paulo,Brazil,-46.6997,-23.7036
2008,1,Australian Grand Prix,3/16/08,04:30:00Z,albert_park,Albert Park Grand Prix Circuit,Melbourne,Australia,144.968,-37.8497
2008,2,Malaysian Grand Prix,3/23/08,07:00:00Z,sepang,Sepang International Circuit,Kuala Lumpur,Malaysia,101.738,2.76083
2008,3,Bahrain Grand Prix,4/6/08,11:30:00Z,bahrain,Bahrain International Circuit,Sakhir,Bahrain,50.5106,26.0325
2008,4,Spanish Grand Prix,4/27/08,12:00:00Z,catalunya,Circuit de Barcelona-Catalunya,Montmeló,Spain,2.26111,41.57
2008,5,Turkish Grand Prix,5/11/08,12:00:00Z,istanbul,Istanbul Park,Istanbul,Turkey,29.405,40.9517
2008,6,Monaco Grand Prix,5/25/08,12:00:00Z,monaco,Circuit de Monaco,Monte-Carlo,Monaco,7.42056,43.7347
2008,7,Canadian Grand Prix,6/8/08,17:00:00Z,villeneuve,Circuit Gilles Villeneuve,Montreal,Canada,-73.5228,45.5
2008,8,French Grand Prix,6/22/08,12:00:00Z,magny_cours,Circuit de Nevers Magny-Cours,Magny Cours,France,3.16361,46.8642
2008,9,British Grand Prix,7/6/08,12:00:00Z,silverstone,Silverstone Circuit,Silverstone,UK,-1.01694,52.0786
2008,10,German Grand Prix,7/20/08,12:00:00Z,hockenheimring,Hockenheimring,Hockenheim,Germany,8.56583,49.3278
2008,11,Hungarian Grand Prix,8/3/08,12:00:00Z,hungaroring,Hungaroring,Budapest,Hungary,19.2486,47.5789
2008,12,European Grand Prix,8/24/08,12:00:00Z,valencia,Valencia Street Circuit,Valencia,Spain,-0.331667,39.4589
2008,13,Belgian Grand Prix,9/7/08,12:00:00Z,spa,Circuit de Spa-Francorchamps,Spa,Belgium,5.97139,50.4372
2008,14,Italian Grand Prix,9/14/08,12:00:00Z,monza,Autodromo Nazionale di Monza,Monza,Italy,9.28111,45.6156
2008,15,Singapore Grand Prix,9/28/08,12:00:00Z,marina_bay,Marina Bay Street Circuit,Marina Bay,Singapore,103.864,1.2914
2008,16,Japanese Grand Prix,10/12/08,04:30:00Z,fuji,Fuji Speedway,Oyama,Japan,138.927,35.3717
2008,17,Chinese Grand Prix,10/19/08,07:00:00Z,shanghai,Shanghai International Circuit,Shanghai,China,121.22,31.3389
2008,18,Brazilian Grand Prix,11/2/08,17:00:00Z,interlagos,Autódromo José Carlos Pace,São Paulo,Brazil,-46.6997,-23.7036
2009,1,Australian Grand Prix,3/29/09,06:00:00Z,albert_park,Albert Park Grand Prix Circuit,Melbourne,Australia,144.968,-37.8497
2009,2,Malaysian Grand Prix,4/5/09,09:00:00Z,sepang,Sepang International Circuit,Kuala Lumpur,Malaysia,101.738,2.76083
2009,3,Chinese Grand Prix,4/19/09,07:00:00Z,shanghai,Shanghai International Circuit,Shanghai,China,121.22,31.3389
2009,4,Bahrain Grand Prix,4/26/09,12:00:00Z,bahrain,Bahrain International Circuit,Sakhir,Bahrain,50.5106,26.0325
2009,5,Spanish Grand Prix,5/10/09,12:00:00Z,catalunya,Circuit de Barcelona-Catalunya,Montmeló,Spain,2.26111,41.57
2009,6,Monaco Grand Prix,5/24/09,12:00:00Z,monaco,Circuit de Monaco,Monte-Carlo,Monaco,7.42056,43.7347
2009,7,Turkish Grand Prix,6/7/09,12:00:00Z,istanbul,Istanbul Park,Istanbul,Turkey,29.405,40.9517
2009,8,British Grand Prix,6/21/09,12:00:00Z,silverstone,Silverstone Circuit,Silverstone,UK,-1.01694,52.0786
2009,9,German Grand Prix,7/12/09,12:00:00Z,nurburgring,Nürburgring,Nürburg,Germany,6.9475,50.3356
2009,10,Hungarian Grand Prix,7/26/09,12:00:00Z,hungaroring,Hungaroring,Budapest,Hungary,19.2486,47.5789
2009,11,European Grand Prix,8/23/09,12:00:00Z,valencia,Valencia Street Circuit,Valencia,Spain,-0.331667,39.4589
2009,12,Belgian Grand Prix,8/30/09,12:00:00Z,spa,Circuit de Spa-Francorchamps,Spa,Belgium,5.97139,50.4372
2009,13,Italian Grand Prix,9/13/09,12:00:00Z,monza,Autodromo Nazionale di Monza,Monza,Italy,9.28111,45.6156
2009,14,Singapore Grand Prix,9/27/09,12:00:00Z,marina_bay,Marina Bay Street Circuit,Marina Bay,Singapore,103.864,1.2914
2009,15,Japanese Grand Prix,10/4/09,05:00:00Z,suzuka,Suzuka Circuit,Suzuka,Japan,136.541,34.8431
2009,16,Brazilian Grand Prix,10/18/09,16:00:00Z,interlagos,Autódromo José Carlos Pace,São Paulo,Brazil,-46.6997,-23.7036
2009,17,Abu Dhabi Grand Prix,11/1/09,11:00:00Z,yas_marina,Yas Marina Circuit,Abu Dhabi,UAE,54.6031,24.4672
2010,1,Bahrain Grand Prix,3/14/10,12:00:00Z,bahrain,Bahrain International Circuit,Sakhir,Bahrain,50.5106,26.0325
2010,2,Australian Grand Prix,3/28/10,06:00:00Z,albert_park,Albert Park Grand Prix Circuit,Melbourne,Australia,144.968,-37.8497
2010,3,Malaysian Grand Prix,4/4/10,08:00:00Z,sepang,Sepang International Circuit,Kuala Lumpur,Malaysia,101.738,2.76083
2010,4,Chinese Grand Prix,4/18/10,06:00:00Z,shanghai,Shanghai International Circuit,Shanghai,China,121.22,31.3389
2010,5,Spanish Grand Prix,5/9/10,12:00:00Z,catalunya,Circuit de Barcelona-Catalunya,Montmeló,Spain,2.26111,41.57
2010,6,Monaco Grand Prix,5/16/10,12:00:00Z,monaco,Circuit de Monaco,Monte-Carlo,Monaco,7.42056,43.7347
2010,7,Turkish Grand Prix,5/30/10,11:00:00Z,istanbul,Istanbul Park,Istanbul,Turkey,29.405,40.9517
2010,8,Canadian Grand Prix,6/13/10,16:00:00Z,villeneuve,Circuit Gilles Villeneuve,Montreal,Canada,-73.5228,45.5
2010,9,European Grand Prix,6/27/10,12:00:00Z,valencia,Valencia Street Circuit,Valencia,Spain,-0.331667,39.4589
2010,10,British Grand Prix,7/11/10,12:00:00Z,silverstone,Silverstone Circuit,Silverstone,UK,-1.01694,52.0786
2010,11,German Grand Prix,7/25/10,12:00:00Z,hockenheimring,Hockenheimring,Hockenheim,Germany,8.56583,49.3278
2010,12,Hungarian Grand Prix,8/1/10,12:00:00Z,hungaroring,Hungaroring,Budapest,Hungary,19.2486,47.5789
2010,13,Belgian Grand Prix,8/29/10,12:00:00Z,spa,Circuit de Spa-Francorchamps,Spa,Belgium,5.97139,50.4372
2010,14,Italian Grand Prix,9/12/10,12:00:00Z,monza,Autodromo Nazionale di Monza,Monza,Italy,9.28111,45.6156
2010,15,Singapore Grand Prix,9/26/10,12:00:00Z,marina_bay,Marina Bay Street Circuit,Marina Bay,Singapore,103.864,1.2914
2010,16,Japanese Grand Prix,10/10/10,06:00:00Z,suzuka,Suzuka Circuit,Suzuka,Japan,136.541,34.8431
2010,17,Korean Grand Prix,10/24/10,05:00:00Z,yeongam,Korean International Circuit,Yeongam County,Korea,126.417,34.7333
2010,18,Brazilian Grand Prix,11/7/10,16:00:00Z,interlagos,Autódromo José Carlos Pace,São Paulo,Brazil,-46.6997,-23.7036
2010,19,Abu Dhabi Grand Prix,11/14/10,13:00:00Z,yas_marina,Yas Marina Circuit,Abu Dhabi,UAE,54.6031,24.4672
2011,1,Australian Grand Prix,3/27/11,06:00:00Z,albert_park,Albert Park Grand Prix Circuit,Melbourne,Australia,144.968,-37.8497
2011,2,Malaysian Grand Prix,4/10/11,08:00:00Z,sepang,Sepang International Circuit,Kuala Lumpur,Malaysia,101.738,2.76083
2011,3,Chinese Grand Prix,4/17/11,07:00:00Z,shanghai,Shanghai International Circuit,Shanghai,China,121.22,31.3389
2011,4,Turkish Grand Prix,5/8/11,12:00:00Z,istanbul,Istanbul Park,Istanbul,Turkey,29.405,40.9517
2011,5,Spanish Grand Prix,5/22/11,12:00:00Z,catalunya,Circuit de Barcelona-Catalunya,Montmeló,Spain,2.26111,41.57
2011,6,Monaco Grand Prix,5/29/11,12:00:00Z,monaco,Circuit de Monaco,Monte-Carlo,Monaco,7.42056,43.7347
2011,7,Canadian Grand Prix,6/12/11,17:00:00Z,villeneuve,Circuit Gilles Villeneuve,Montreal,Canada,-73.5228,45.5
2011,8,European Grand Prix,6/26/11,12:00:00Z,valencia,Valencia Street Circuit,Valencia,Spain,-0.331667,39.4589
2011,9,British Grand Prix,7/10/11,12:00:00Z,silverstone,Silverstone Circuit,Silverstone,UK,-1.01694,52.0786
2011,10,German Grand Prix,7/24/11,12:00:00Z,nurburgring,Nürburgring,Nürburg,Germany,6.9475,50.3356
2011,11,Hungarian Grand Prix,7/31/11,12:00:00Z,hungaroring,Hungaroring,Budapest,Hungary,19.2486,47.5789
2011,12,Belgian Grand Prix,8/28/11,12:00:00Z,spa,Circuit de Spa-Francorchamps,Spa,Belgium,5.97139,50.4372
2011,13,Italian Grand Prix,9/11/11,12:00:00Z,monza,Autodromo Nazionale di Monza,Monza,Italy,9.28111,45.6156
2011,14,Singapore Grand Prix,9/25/11,12:00:00Z,marina_bay,Marina Bay Street Circuit,Marina Bay,Singapore,103.864,1.2914
2011,15,Japanese Grand Prix,10/9/11,06:00:00Z,suzuka,Suzuka Circuit,Suzuka,Japan,136.541,34.8431
2011,16,Korean Grand Prix,10/16/11,06:00:00Z,yeongam,Korean International Circuit,Yeongam County,Korea,126.417,34.7333
2011,17,Indian Grand Prix,10/30/11,09:30:00Z,buddh,Buddh International Circuit,Uttar Pradesh,India,77.5331,28.3487
2011,18,Abu Dhabi Grand Prix,11/13/11,13:00:00Z,yas_marina,Yas Marina Circuit,Abu Dhabi,UAE,54.6031,24.4672
2011,19,Brazilian Grand Prix,11/27/11,16:00:00Z,interlagos,Autódromo José Carlos Pace,São Paulo,Brazil,-46.6997,-23.7036
2012,1,Australian Grand Prix,3/18/12,06:00:00Z,albert_park,Albert Park Grand Prix Circuit,Melbourne,Australia,144.968,-37.8497
2012,2,Malaysian Grand Prix,3/25/12,08:00:00Z,sepang,Sepang International Circuit,Kuala Lumpur,Malaysia,101.738,2.76083
2012,3,Chinese Grand Prix,4/15/12,07:00:00Z,shanghai,Shanghai International Circuit,Shanghai,China,121.22,31.3389
2012,4,Bahrain Grand Prix,4/22/12,12:00:00Z,bahrain,Bahrain International Circuit,Sakhir,Bahrain,50.5106,26.0325
2012,5,Spanish Grand Prix,5/13/12,12:00:00Z,catalunya,Circuit de Barcelona-Catalunya,Montmeló,Spain,2.26111,41.57
2012,6,Monaco Grand Prix,5/27/12,12:00:00Z,monaco,Circuit de Monaco,Monte-Carlo,Monaco,7.42056,43.7347
2012,7,Canadian Grand Prix,6/10/12,18:00:00Z,villeneuve,Circuit Gilles Villeneuve,Montreal,Canada,-73.5228,45.5
2012,8,European Grand Prix,6/24/12,12:00:00Z,valencia,Valencia Street Circuit,Valencia,Spain,-0.331667,39.4589
2012,9,British Grand Prix,7/8/12,12:00:00Z,silverstone,Silverstone Circuit,Silverstone,UK,-1.01694,52.0786
2012,10,German Grand Prix,7/22/12,12:00:00Z,hockenheimring,Hockenheimring,Hockenheim,Germany,8.56583,49.3278
2012,11,Hungarian Grand Prix,7/29/12,12:00:00Z,hungaroring,Hungaroring,Budapest,Hungary,19.2486,47.5789
2012,12,Belgian Grand Prix,9/2/12,12:00:00Z,spa,Circuit de Spa-Francorchamps,Spa,Belgium,5.97139,50.4372
2012,13,Italian Grand Prix,9/9/12,12:00:00Z,monza,Autodromo Nazionale di Monza,Monza,Italy,9.28111,45.6156
2012,14,Singapore Grand Prix,9/23/12,12:00:00Z,marina_bay,Marina Bay Street Circuit,Marina Bay,Singapore,103.864,1.2914
2012,15,Japanese Grand Prix,10/7/12,06:00:00Z,suzuka,Suzuka Circuit,Suzuka,Japan,136.541,34.8431
2012,16,Korean Grand Prix,10/14/12,06:00:00Z,yeongam,Korean International Circuit,Yeongam County,Korea,126.417,34.7333
2012,17,Indian Grand Prix,10/28/12,09:30:00Z,buddh,Buddh International Circuit,Uttar Pradesh,India,77.5331,28.3487
2012,18,Abu Dhabi Grand Prix,11/4/12,13:00:00Z,yas_marina,Yas Marina Circuit,Abu Dhabi,UAE,54.6031,24.4672
2012,19,United States Grand Prix,11/18/12,19:00:00Z,americas,Circuit of the Americas,Austin,USA,-97.6411,30.1328
2012,20,Brazilian Grand Prix,11/25/12,16:00:00Z,interlagos,Autódromo José Carlos Pace,São Paulo,Brazil,-46.6997,-23.7036
2013,1,Australian Grand Prix,3/17/13,06:00:00Z,albert_park,Albert Park Grand Prix Circuit,Melbourne,Australia,144.968,-37.8497
2013,2,Malaysian Grand Prix,3/24/13,08:00:00Z,sepang,Sepang International Circuit,Kuala Lumpur,Malaysia,101.738,2.76083
2013,3,Chinese Grand Prix,4/14/13,07:00:00Z,shanghai,Shanghai International Circuit,Shanghai,China,121.22,31.3389
2013,4,Bahrain Grand Prix,4/21/13,12:00:00Z,bahrain,Bahrain International Circuit,Sakhir,Bahrain,50.5106,26.0325
2013,5,Spanish Grand Prix,5/12/13,12:00:00Z,catalunya,Circuit de Barcelona-Catalunya,Montmeló,Spain,2.26111,41.57
2013,6,Monaco Grand Prix,5/26/13,12:00:00Z,monaco,Circuit de Monaco,Monte-Carlo,Monaco,7.42056,43.7347
2013,7,Canadian Grand Prix,6/9/13,18:00:00Z,villeneuve,Circuit Gilles Villeneuve,Montreal,Canada,-73.5228,45.5
2013,8,British Grand Prix,6/30/13,12:00:00Z,silverstone,Silverstone Circuit,Silverstone,UK,-1.01694,52.0786
2013,9,German Grand Prix,7/7/13,12:00:00Z,nurburgring,Nürburgring,Nürburg,Germany,6.9475,50.3356
2013,10,Hungarian Grand Prix,7/28/13,12:00:00Z,hungaroring,Hungaroring,Budapest,Hungary,19.2486,47.5789
2013,11,Belgian Grand Prix,8/25/13,12:00:00Z,spa,Circuit de Spa-Francorchamps,Spa,Belgium,5.97139,50.4372
2013,12,Italian Grand Prix,9/8/13,12:00:00Z,monza,Autodromo Nazionale di Monza,Monza,Italy,9.28111,45.6156
2013,13,Singapore Grand Prix,9/22/13,12:00:00Z,marina_bay,Marina Bay Street Circuit,Marina Bay,Singapore,103.864,1.2914
2013,14,Korean Grand Prix,10/6/13,06:00:00Z,yeongam,Korean International Circuit,Yeongam County,Korea,126.417,34.7333
2013,15,Japanese Grand Prix,10/13/13,06:00:00Z,suzuka,Suzuka Circuit,Suzuka,Japan,136.541,34.8431
2013,16,Indian Grand Prix,10/27/13,09:30:00Z,buddh,Buddh International Circuit,Uttar Pradesh,India,77.5331,28.3487
2013,17,Abu Dhabi Grand Prix,11/3/13,13:00:00Z,yas_marina,Yas Marina Circuit,Abu Dhabi,UAE,54.6031,24.4672
2013,18,United States Grand Prix,11/17/13,19:00:00Z,americas,Circuit of the Americas,Austin,USA,-97.6411,30.1328
2013,19,Brazilian Grand Prix,11/24/13,16:00:00Z,interlagos,Autódromo José Carlos Pace,São Paulo,Brazil,-46.6997,-23.7036
2014,1,Australian Grand Prix,3/16/14,06:00:00Z,albert_park,Albert Park Grand Prix Circuit,Melbourne,Australia,144.968,-37.8497
2014,2,Malaysian Grand Prix,3/30/14,08:00:00Z,sepang,Sepang International Circuit,Kuala Lumpur,Malaysia,101.738,2.76083
2014,3,Bahrain Grand Prix,4/6/14,15:00:00Z,bahrain,Bahrain International Circuit,Sakhir,Bahrain,50.5106,26.0325
2014,4,Chinese Grand Prix,4/20/14,07:00:00Z,shanghai,Shanghai International Circuit,Shanghai,China,121.22,31.3389
2014,5,Spanish Grand Prix,5/11/14,12:00:00Z,catalunya,Circuit de Barcelona-Catalunya,Montmeló,Spain,2.26111,41.57
2014,6,Monaco Grand Prix,5/25/14,12:00:00Z,monaco,Circuit de Monaco,Monte-Carlo,Monaco,7.42056,43.7347
2014,7,Canadian Grand Prix,6/8/14,18:00:00Z,villeneuve,Circuit Gilles Villeneuve,Montreal,Canada,-73.5228,45.5
2014,8,Austrian Grand Prix,6/22/14,12:00:00Z,red_bull_ring,Red Bull Ring,Spielberg,Austria,14.7647,47.2197
2014,9,British Grand Prix,7/6/14,12:00:00Z,silverstone,Silverstone Circuit,Silverstone,UK,-1.01694,52.0786
2014,10,German Grand Prix,7/20/14,12:00:00Z,hockenheimring,Hockenheimring,Hockenheim,Germany,8.56583,49.3278
2014,11,Hungarian Grand Prix,7/27/14,12:00:00Z,hungaroring,Hungaroring,Budapest,Hungary,19.2486,47.5789
2014,12,Belgian Grand Prix,8/24/14,12:00:00Z,spa,Circuit de Spa-Francorchamps,Spa,Belgium,5.97139,50.4372
2014,13,Italian Grand Prix,9/7/14,12:00:00Z,monza,Autodromo Nazionale di Monza,Monza,Italy,9.28111,45.6156
2014,14,Singapore Grand Prix,9/21/14,12:00:00Z,marina_bay,Marina Bay Street Circuit,Marina Bay,Singapore,103.864,1.2914
2014,15,Japanese Grand Prix,10/5/14,06:00:00Z,suzuka,Suzuka Circuit,Suzuka,Japan,136.541,34.8431
2014,16,Russian Grand Prix,10/12/14,11:00:00Z,sochi,Sochi Autodrom,Sochi,Russia,39.9578,43.4057
2014,17,United States Grand Prix,11/2/14,20:00:00Z,americas,Circuit of the Americas,Austin,USA,-97.6411,30.1328
2014,18,Brazilian Grand Prix,11/9/14,16:00:00Z,interlagos,Autódromo José Carlos Pace,São Paulo,Brazil,-46.6997,-23.7036
2014,19,Abu Dhabi Grand Prix,11/23/14,13:00:00Z,yas_marina,Yas Marina Circuit,Abu Dhabi,UAE,54.6031,24.4672
2015,1,Australian Grand Prix,3/15/15,05:00:00Z,albert_park,Albert Park Grand Prix Circuit,Melbourne,Australia,144.968,-37.8497
2015,2,Malaysian Grand Prix,3/29/15,07:00:00Z,sepang,Sepang International Circuit,Kuala Lumpur,Malaysia,101.738,2.76083
2015,3,Chinese Grand Prix,4/12/15,06:00:00Z,shanghai,Shanghai International Circuit,Shanghai,China,121.22,31.3389
2015,4,Bahrain Grand Prix,4/19/15,15:00:00Z,bahrain,Bahrain International Circuit,Sakhir,Bahrain,50.5106,26.0325
2015,5,Spanish Grand Prix,5/10/15,12:00:00Z,catalunya,Circuit de Barcelona-Catalunya,Montmeló,Spain,2.26111,41.57
2015,6,Monaco Grand Prix,5/24/15,12:00:00Z,monaco,Circuit de Monaco,Monte-Carlo,Monaco,7.42056,43.7347
2015,7,Canadian Grand Prix,6/7/15,18:00:00Z,villeneuve,Circuit Gilles Villeneuve,Montreal,Canada,-73.5228,45.5
2015,8,Austrian Grand Prix,6/21/15,12:00:00Z,red_bull_ring,Red Bull Ring,Spielberg,Austria,14.7647,47.2197
2015,9,British Grand Prix,7/5/15,12:00:00Z,silverstone,Silverstone Circuit,Silverstone,UK,-1.01694,52.0786
2015,10,Hungarian Grand Prix,7/26/15,12:00:00Z,hungaroring,Hungaroring,Budapest,Hungary,19.2486,47.5789
2015,11,Belgian Grand Prix,8/23/15,12:00:00Z,spa,Circuit de Spa-Francorchamps,Spa,Belgium,5.97139,50.4372
2015,12,Italian Grand Prix,9/6/15,12:00:00Z,monza,Autodromo Nazionale di Monza,Monza,Italy,9.28111,45.6156
2015,13,Singapore Grand Prix,9/20/15,12:00:00Z,marina_bay,Marina Bay Street Circuit,Marina Bay,Singapore,103.864,1.2914
2015,14,Japanese Grand Prix,9/27/15,05:00:00Z,suzuka,Suzuka Circuit,Suzuka,Japan,136.541,34.8431
2015,15,Russian Grand Prix,10/11/15,11:00:00Z,sochi,Sochi Autodrom,Sochi,Russia,39.9578,43.4057
2015,16,United States Grand Prix,10/25/15,19:00:00Z,americas,Circuit of the Americas,Austin,USA,-97.6411,30.1328
2015,17,Mexican Grand Prix,11/1/15,19:00:00Z,rodriguez,Autódromo Hermanos Rodríguez,Mexico City,Mexico,-99.0907,19.4042
2015,18,Brazilian Grand Prix,11/15/15,16:00:00Z,interlagos,Autódromo José Carlos Pace,São Paulo,Brazil,-46.6997,-23.7036
2015,19,Abu Dhabi Grand Prix,11/29/15,13:00:00Z,yas_marina,Yas Marina Circuit,Abu Dhabi,UAE,54.6031,24.4672
2016,1,Australian Grand Prix,3/20/16,05:00:00Z,albert_park,Albert Park Grand Prix Circuit,Melbourne,Australia,144.968,-37.8497
2016,2,Bahrain Grand Prix,4/3/16,15:00:00Z,bahrain,Bahrain International Circuit,Sakhir,Bahrain,50.5106,26.0325
2016,3,Chinese Grand Prix,4/17/16,06:00:00Z,shanghai,Shanghai International Circuit,Shanghai,China,121.22,31.3389
2016,4,Russian Grand Prix,5/1/16,12:00:00Z,sochi,Sochi Autodrom,Sochi,Russia,39.9578,43.4057
2016,5,Spanish Grand Prix,5/15/16,12:00:00Z,catalunya,Circuit de Barcelona-Catalunya,Montmeló,Spain,2.26111,41.57
2016,6,Monaco Grand Prix,5/29/16,12:00:00Z,monaco,Circuit de Monaco,Monte-Carlo,Monaco,7.42056,43.7347
2016,7,Canadian Grand Prix,6/12/16,18:00:00Z,villeneuve,Circuit Gilles Villeneuve,Montreal,Canada,-73.5228,45.5
2016,8,European Grand Prix,6/19/16,13:00:00Z,baku,Baku City Circuit,Baku,Azerbaijan,49.8533,40.3725
2016,9,Austrian Grand Prix,7/3/16,12:00:00Z,red_bull_ring,Red Bull Ring,Spielberg,Austria,14.7647,47.2197
2016,10,British Grand Prix,7/10/16,12:00:00Z,silverstone,Silverstone Circuit,Silverstone,UK,-1.01694,52.0786
2016,11,Hungarian Grand Prix,7/24/16,12:00:00Z,hungaroring,Hungaroring,Budapest,Hungary,19.2486,47.5789
2016,12,German Grand Prix,7/31/16,12:00:00Z,hockenheimring,Hockenheimring,Hockenheim,Germany,8.56583,49.3278
2016,13,Belgian Grand Prix,8/28/16,12:00:00Z,spa,Circuit de Spa-Francorchamps,Spa,Belgium,5.97139,50.4372
2016,14,Italian Grand Prix,9/4/16,12:00:00Z,monza,Autodromo Nazionale di Monza,Monza,Italy,9.28111,45.6156
2016,15,Singapore Grand Prix,9/18/16,12:00:00Z,marina_bay,Marina Bay Street Circuit,Marina Bay,Singapore,103.864,1.2914
2016,16,Malaysian Grand Prix,10/2/16,07:00:00Z,sepang,Sepang International Circuit,Kuala Lumpur,Malaysia,101.738,2.76083
2016,17,Japanese Grand Prix,10/9/16,05:00:00Z,suzuka,Suzuka Circuit,Suzuka,Japan,136.541,34.8431
2016,18,United States Grand Prix,10/23/16,19:00:00Z,americas,Circuit of the Americas,Austin,USA,-97.6411,30.1328
2016,19,Mexican Grand Prix,10/30/16,19:00:00Z,rodriguez,Autódromo Hermanos Rodríguez,Mexico City,Mexico,-99.0907,19.4042
2016,20,Brazilian Grand Prix,11/13/16,16:00:00Z,interlagos,Autódromo José Carlos Pace,São Paulo,Brazil,-46.6997,-23.7036
2016,21,Abu Dhabi Grand Prix,11/27/16,13:00:00Z,yas_marina,Yas Marina Circuit,Abu Dhabi,UAE,54.6031,24.4672
2017,1,Australian Grand Prix,3/26/17,05:00:00Z,albert_park,Albert Park Grand Prix Circuit,Melbourne,Australia,144.968,-37.8497
2017,2,Chinese Grand Prix,4/9/17,06:00:00Z,shanghai,Shanghai International Circuit,Shanghai,China,121.22,31.3389
2017,3,Bahrain Grand Prix,4/16/17,15:00:00Z,bahrain,Bahrain International Circuit,Sakhir,Bahrain,50.5106,26.0325
2017,4,Russian Grand Prix,4/30/17,12:00:00Z,sochi,Sochi Autodrom,Sochi,Russia,39.9578,43.4057
2017,5,Spanish Grand Prix,5/14/17,12:00:00Z,catalunya,Circuit de Barcelona-Catalunya,Montmeló,Spain,2.26111,41.57
2017,6,Monaco Grand Prix,5/28/17,12:00:00Z,monaco,Circuit de Monaco,Monte-Carlo,Monaco,7.42056,43.7347
2017,7,Canadian Grand Prix,6/11/17,18:00:00Z,villeneuve,Circuit Gilles Villeneuve,Montreal,Canada,-73.5228,45.5
2017,8,Azerbaijan Grand Prix,6/25/17,13:00:00Z,baku,Baku City Circuit,Baku,Azerbaijan,49.8533,40.3725
2017,9,Austrian Grand Prix,7/9/17,12:00:00Z,red_bull_ring,Red Bull Ring,Spielberg,Austria,14.7647,47.2197
2017,10,British Grand Prix,7/16/17,12:00:00Z,silverstone,Silverstone Circuit,Silverstone,UK,-1.01694,52.0786
2017,11,Hungarian Grand Prix,7/30/17,12:00:00Z,hungaroring,Hungaroring,Budapest,Hungary,19.2486,47.5789
2017,12,Belgian Grand Prix,8/27/17,12:00:00Z,spa,Circuit de Spa-Francorchamps,Spa,Belgium,5.97139,50.4372
2017,13,Italian Grand Prix,9/3/17,12:00:00Z,monza,Autodromo Nazionale di Monza,Monza,Italy,9.28111,45.6156
2017,14,Singapore Grand Prix,9/17/17,12:00:00Z,marina_bay,Marina Bay Street Circuit,Marina Bay,Singapore,103.864,1.2914
2017,15,Malaysian Grand Prix,10/1/17,07:00:00Z,sepang,Sepang International Circuit,Kuala Lumpur,Malaysia,101.738,2.76083
2017,16,Japanese Grand Prix,10/8/17,05:00:00Z,suzuka,Suzuka Circuit,Suzuka,Japan,136.541,34.8431
2017,17,United States Grand Prix,10/22/17,19:00:00Z,americas,Circuit of the Americas,Austin,USA,-97.6411,30.1328
2017,18,Mexican Grand Prix,10/29/17,19:00:00Z,rodriguez,Autódromo Hermanos Rodríguez,Mexico City,Mexico,-99.0907,19.4042
2017,19,Brazilian Grand Prix,11/12/17,16:00:00Z,interlagos,Autódromo José Carlos Pace,São Paulo,Brazil,-46.6997,-23.7036
2017,20,Abu Dhabi Grand Prix,11/26/17,13:00:00Z,yas_marina,Yas Marina Circuit,Abu Dhabi,UAE,54.6031,24.4672
2018,1,Australian Grand Prix,3/25/18,05:10:00Z,albert_park,Albert Park Grand Prix Circuit,Melbourne,Australia,144.968,-37.8497
2018,2,Bahrain Grand Prix,4/8/18,15:10:00Z,bahrain,Bahrain International Circuit,Sakhir,Bahrain,50.5106,26.0325
2018,3,Chinese Grand Prix,4/15/18,06:10:00Z,shanghai,Shanghai International Circuit,Shanghai,China,121.22,31.3389
2018,4,Azerbaijan Grand Prix,4/29/18,12:10:00Z,baku,Baku City Circuit,Baku,Azerbaijan,49.8533,40.3725
2018,5,Spanish Grand Prix,5/13/18,13:10:00Z,catalunya,Circuit de Barcelona-Catalunya,Montmeló,Spain,2.26111,41.57
2018,6,Monaco Grand Prix,5/27/18,13:10:00Z,monaco,Circuit de Monaco,Monte-Carlo,Monaco,7.42056,43.7347
2018,7,Canadian Grand Prix,6/10/18,18:10:00Z,villeneuve,Circuit Gilles Villeneuve,Montreal,Canada,-73.5228,45.5
2018,8,French Grand Prix,6/24/18,14:10:00Z,ricard,Circuit Paul Ricard,Le Castellet,France,5.79167,43.2506
2018,9,Austrian Grand Prix,7/1/18,13:10:00Z,red_bull_ring,Red Bull Ring,Spielberg,Austria,14.7647,47.2197
2018,10,British Grand Prix,7/8/18,13:10:00Z,silverstone,Silverstone Circuit,Silverstone,UK,-1.01694,52.0786
2018,11,German Grand Prix,7/22/18,13:10:00Z,hockenheimring,Hockenheimring,Hockenheim,Germany,8.56583,49.3278
2018,12,Hungarian Grand Prix,7/29/18,13:10:00Z,hungaroring,Hungaroring,Budapest,Hungary,19.2486,47.5789
2018,13,Belgian Grand Prix,8/26/18,13:10:00Z,spa,Circuit de Spa-Francorchamps,Spa,Belgium,5.97139,50.4372
2018,14,Italian Grand Prix,9/2/18,13:10:00Z,monza,Autodromo Nazionale di Monza,Monza,Italy,9.28111,45.6156
2018,15,Singapore Grand Prix,9/16/18,12:10:00Z,marina_bay,Marina Bay Street Circuit,Marina Bay,Singapore,103.864,1.2914
2018,16,Russian Grand Prix,9/30/18,11:10:00Z,sochi,Sochi Autodrom,Sochi,Russia,39.9578,43.4057
2018,17,Japanese Grand Prix,10/7/18,05:10:00Z,suzuka,Suzuka Circuit,Suzuka,Japan,136.541,34.8431
2018,18,United States Grand Prix,10/21/18,18:10:00Z,americas,Circuit of the Americas,Austin,USA,-97.6411,30.1328
2018,19,Mexican Grand Prix,10/28/18,19:10:00Z,rodriguez,Autódromo Hermanos Rodríguez,Mexico City,Mexico,-99.0907,19.4042
2018,20,Brazilian Grand Prix,11/11/18,17:10:00Z,interlagos,Autódromo José Carlos Pace,São Paulo,Brazil,-46.6997,-23.7036
2018,21,Abu Dhabi Grand Prix,11/25/18,13:10:00Z,yas_marina,Yas Marina Circuit,Abu Dhabi,UAE,54.6031,24.4672
2019,1,Australian Grand Prix,3/17/19,05:10:00Z,albert_park,Albert Park Grand Prix Circuit,Melbourne,Australia,144.968,-37.8497
2019,2,Bahrain Grand Prix,3/31/19,15:10:00Z,bahrain,Bahrain International Circuit,Sakhir,Bahrain,50.5106,26.0325
2019,3,Chinese Grand Prix,4/14/19,06:10:00Z,shanghai,Shanghai International Circuit,Shanghai,China,121.22,31.3389
2019,4,Azerbaijan Grand Prix,4/28/19,12:10:00Z,baku,Baku City Circuit,Baku,Azerbaijan,49.8533,40.3725
2019,5,Spanish Grand Prix,5/12/19,13:10:00Z,catalunya,Circuit de Barcelona-Catalunya,Montmeló,Spain,2.26111,41.57
2019,6,Monaco Grand Prix,5/26/19,13:10:00Z,monaco,Circuit de Monaco,Monte-Carlo,Monaco,7.42056,43.7347
2019,7,Canadian Grand Prix,6/9/19,18:10:00Z,villeneuve,Circuit Gilles Villeneuve,Montreal,Canada,-73.5228,45.5
2019,8,French Grand Prix,6/23/19,13:10:00Z,ricard,Circuit Paul Ricard,Le Castellet,France,5.79167,43.2506
2019,9,Austrian Grand Prix,6/30/19,13:10:00Z,red_bull_ring,Red Bull Ring,Spielberg,Austria,14.7647,47.2197
2019,10,British Grand Prix,7/14/19,13:10:00Z,silverstone,Silverstone Circuit,Silverstone,UK,-1.01694,52.0786
2019,11,German Grand Prix,7/28/19,13:10:00Z,hockenheimring,Hockenheimring,Hockenheim,Germany,8.56583,49.3278
2019,12,Hungarian Grand Prix,8/4/19,13:10:00Z,hungaroring,Hungaroring,Budapest,Hungary,19.2486,47.5789
2019,13,Belgian Grand Prix,9/1/19,13:10:00Z,spa,Circuit de Spa-Francorchamps,Spa,Belgium,5.97139,50.4372
2019,14,Italian Grand Prix,9/8/19,13:10:00Z,monza,Autodromo Nazionale di Monza,Monza,Italy,9.28111,45.6156
2019,15,Singapore Grand Prix,9/22/19,12:10:00Z,marina_bay,Marina Bay Street Circuit,Marina Bay,Singapore,103.864,1.2914
2019,16,Russian Grand Prix,9/29/19,11:10:00Z,sochi,Sochi Autodrom,Sochi,Russia,39.9578,43.4057
2019,17,Japanese Grand Prix,10/13/19,05:10:00Z,suzuka,Suzuka Circuit,Suzuka,Japan,136.541,34.8431
2019,18,Mexican Grand Prix,10/27/19,19:10:00Z,rodriguez,Autódromo Hermanos Rodríguez,Mexico City,Mexico,-99.0907,19.4042
2019,19,United States Grand Prix,11/3/19,19:10:00Z,americas,Circuit of the Americas,Austin,USA,-97.6411,30.1328
2019,20,Brazilian Grand Prix,11/17/19,17:10:00Z,interlagos,Autódromo José Carlos Pace,São Paulo,Brazil,-46.6997,-23.7036
2019,21,Abu Dhabi Grand Prix,12/1/19,13:10:00Z,yas_marina,Yas Marina Circuit,Abu Dhabi,UAE,54.6031,24.4672
2020,1,Austrian Grand Prix,7/5/20,13:10:00Z,red_bull_ring,Red Bull Ring,Spielberg,Austria,14.7647,47.2197
2020,2,Styrian Grand Prix,7/12/20,13:10:00Z,red_bull_ring,Red Bull Ring,Spielberg,Austria,14.7647,47.2197
2020,3,Hungarian Grand Prix,7/19/20,13:10:00Z,hungaroring,Hungaroring,Budapest,Hungary,19.2486,47.5789
2020,4,British Grand Prix,8/2/20,13:10:00Z,silverstone,Silverstone Circuit,Silverstone,UK,-1.01694,52.0786
2020,5,70th Anniversary Grand Prix,8/9/20,13:10:00Z,silverstone,Silverstone Circuit,Silverstone,UK,-1.01694,52.0786
2020,6,Spanish Grand Prix,8/16/20,13:10:00Z,catalunya,Circuit de Barcelona-Catalunya,Montmeló,Spain,2.26111,41.57
2020,7,Belgian Grand Prix,8/30/20,13:10:00Z,spa,Circuit de Spa-Francorchamps,Spa,Belgium,5.97139,50.4372
2020,8,Italian Grand Prix,9/6/20,13:10:00Z,monza,Autodromo Nazionale di Monza,Monza,Italy,9.28111,45.6156
2020,9,Tuscan Grand Prix,9/13/20,13:10:00Z,mugello,Autodromo Internazionale del Mugello,Mugello,Italy,11.3719,43.9975
2020,10,Russian Grand Prix,9/27/20,11:10:00Z,sochi,Sochi Autodrom,Sochi,Russia,39.9578,43.4057
2020,11,Eifel Grand Prix,10/11/20,13:10:00Z,nurburgring,Nürburgring,Nürburg,Germany,6.9475,50.3356
2020,12,Portuguese Grand Prix,10/25/20,12:10:00Z,portimao,Autódromo Internacional do Algarve,Portimão,Portugal,-8.6267,37.227
2020,13,Emilia Romagna Grand Prix,11/1/20,12:10:00Z,imola,Autodromo Enzo e Dino Ferrari,Imola,Italy,11.7167,44.3439
2020,14,Turkish Grand Prix,11/15/20,10:10:00Z,istanbul,Istanbul Park,Istanbul,Turkey,29.405,40.9517
2020,15,Bahrain Grand Prix,11/29/20,14:10:00Z,bahrain,Bahrain International Circuit,Sakhir,Bahrain,50.5106,26.0325
2020,16,Sakhir Grand Prix,12/6/20,17:10:00Z,bahrain,Bahrain International Circuit,Sakhir,Bahrain,50.5106,26.0325
2020,17,Abu Dhabi Grand Prix,12/13/20,13:10:00Z,yas_marina,Yas Marina Circuit,Abu Dhabi,UAE,54.6031,24.4672
2021,1,Bahrain Grand Prix,3/28/21,15:00:00Z,bahrain,Bahrain International Circuit,Sakhir,Bahrain,50.5106,26.0325
2021,2,Emilia Romagna Grand Prix,4/18/21,13:00:00Z,imola,Autodromo Enzo e Dino Ferrari,Imola,Italy,11.7167,44.3439
2021,3,Portuguese Grand Prix,5/2/21,14:00:00Z,portimao,Autódromo Internacional do Algarve,Portimão,Portugal,-8.6267,37.227
2021,4,Spanish Grand Prix,5/9/21,13:00:00Z,catalunya,Circuit de Barcelona-Catalunya,Montmeló,Spain,2.26111,41.57
2021,5,Monaco Grand Prix,5/23/21,13:00:00Z,monaco,Circuit de Monaco,Monte-Carlo,Monaco,7.42056,43.7347
2021,6,Azerbaijan Grand Prix,6/6/21,12:00:00Z,baku,Baku City Circuit,Baku,Azerbaijan,49.8533,40.3725
2021,7,French Grand Prix,6/20/21,13:00:00Z,ricard,Circuit Paul Ricard,Le Castellet,France,5.79167,43.2506
2021,8,Styrian Grand Prix,6/27/21,13:00:00Z,red_bull_ring,Red Bull Ring,Spielberg,Austria,14.7647,47.2197
2021,9,Austrian Grand Prix,7/4/21,13:00:00Z,red_bull_ring,Red Bull Ring,Spielberg,Austria,14.7647,47.2197
2021,10,British Grand Prix,7/18/21,14:00:00Z,silverstone,Silverstone Circuit,Silverstone,UK,-1.01694,52.0786
2021,11,Hungarian Grand Prix,8/1/21,13:00:00Z,hungaroring,Hungaroring,Budapest,Hungary,19.2486,47.5789
2021,12,Belgian Grand Prix,8/29/21,13:00:00Z,spa,Circuit de Spa-Francorchamps,Spa,Belgium,5.97139,50.4372
2021,13,Dutch Grand Prix,9/5/21,13:00:00Z,zandvoort,Circuit Park Zandvoort,Zandvoort,Netherlands,4.54092,52.3888
2021,14,Italian Grand Prix,9/12/21,13:00:00Z,monza,Autodromo Nazionale di Monza,Monza,Italy,9.28111,45.6156
2021,15,Russian Grand Prix,9/26/21,12:00:00Z,sochi,Sochi Autodrom,Sochi,Russia,39.9578,43.4057
2021,16,Turkish Grand Prix,10/10/21,12:00:00Z,istanbul,Istanbul Park,Istanbul,Turkey,29.405,40.9517
2021,17,United States Grand Prix,10/24/21,19:00:00Z,americas,Circuit of the Americas,Austin,USA,-97.6411,30.1328
2021,18,Mexico City Grand Prix,11/7/21,19:00:00Z,rodriguez,Autódromo Hermanos Rodríguez,Mexico City,Mexico,-99.0907,19.4042
2021,19,São Paulo Grand Prix,11/14/21,17:00:00Z,interlagos,Autódromo José Carlos Pace,São Paulo,Brazil,-46.6997,-23.7036
2021,20,Qatar Grand Prix,11/21/21,14:00:00Z,losail,Losail International Circuit,Al Daayen,Qatar,51.4542,25.49
2021,21,Saudi Arabian Grand Prix,12/5/21,17:30:00Z,jeddah,Jeddah Corniche Circuit,Jeddah,Saudi Arabia,39.1044,21.6319
2021,22,Abu Dhabi Grand Prix,12/12/21,13:00:00Z,yas_marina,Yas Marina Circuit,Abu Dhabi,UAE,54.6031,24.4672
2022,1,Bahrain Grand Prix,3/20/22,15:00:00Z,bahrain,Bahrain International Circuit,Sakhir,Bahrain,50.5106,26.0325
2022,2,Saudi Arabian Grand Prix,3/27/22,17:00:00Z,jeddah,Jeddah Corniche Circuit,Jeddah,Saudi Arabia,39.1044,21.6319
2022,3,Australian Grand Prix,4/10/22,05:00:00Z,albert_park,Albert Park Grand Prix Circuit,Melbourne,Australia,144.968,-37.8497
2022,4,Emilia Romagna Grand Prix,4/24/22,13:00:00Z,imola,Autodromo Enzo e Dino Ferrari,Imola,Italy,11.7167,44.3439
2022,5,Miami Grand Prix,5/8/22,19:30:00Z,miami,Miami International Autodrome,Miami,USA,-80.2389,25.9581
2022,6,Spanish Grand Prix,5/22/22,13:00:00Z,catalunya,Circuit de Barcelona-Catalunya,Montmeló,Spain,2.26111,41.57
2022,7,Monaco Grand Prix,5/29/22,13:00:00Z,monaco,Circuit de Monaco,Monte-Carlo,Monaco,7.42056,43.7347
2022,8,Azerbaijan Grand Prix,6/12/22,11:00:00Z,baku,Baku City Circuit,Baku,Azerbaijan,49.8533,40.3725
2022,9,Canadian Grand Prix,6/19/22,18:00:00Z,villeneuve,Circuit Gilles Villeneuve,Montreal,Canada,-73.5228,45.5
2022,10,British Grand Prix,7/3/22,14:00:00Z,silverstone,Silverstone Circuit,Silverstone,UK,-1.01694,52.0786
2022,11,Austrian Grand Prix,7/10/22,13:00:00Z,red_bull_ring,Red Bull Ring,Spielberg,Austria,14.7647,47.2197
2022,12,French Grand Prix,7/24/22,13:00:00Z,ricard,Circuit Paul Ricard,Le Castellet,France,5.79167,43.2506
2022,13,Hungarian Grand Prix,7/31/22,13:00:00Z,hungaroring,Hungaroring,Budapest,Hungary,19.2486,47.5789
2022,14,Belgian Grand Prix,8/28/22,13:00:00Z,spa,Circuit de Spa-Francorchamps,Spa,Belgium,5.97139,50.4372
2022,15,Dutch Grand Prix,9/4/22,13:00:00Z,zandvoort,Circuit Park Zandvoort,Zandvoort,Netherlands,4.54092,52.3888
2022,16,Italian Grand Prix,9/11/22,13:00:00Z,monza,Autodromo Nazionale di Monza,Monza,Italy,9.28111,45.6156
2022,17,Singapore Grand Prix,10/2/22,12:00:00Z,marina_bay,Marina Bay Street Circuit,Marina Bay,Singapore,103.864,1.2914
2022,18,Japanese Grand Prix,10/9/22,05:00:00Z,suzuka,Suzuka Circuit,Suzuka,Japan,136.541,34.8431
2022,19,United States Grand Prix,10/23/22,19:00:00Z,americas,Circuit of the Americas,Austin,USA,-97.6411,30.1328
2022,20,Mexico City Grand Prix,10/30/22,20:00:00Z,rodriguez,Autódromo Hermanos Rodríguez,Mexico City,Mexico,-99.0907,19.4042
2022,21,São Paulo Grand Prix,11/13/22,18:00:00Z,interlagos,Autódromo José Carlos Pace,São Paulo,Brazil,-46.6997,-23.7036
2022,22,Abu Dhabi Grand Prix,11/20/22,13:00:00Z,yas_marina,Yas Marina Circuit,Abu Dhabi,UAE,54.6031,24.4672
2023,1,Bahrain Grand Prix,3/5/23,15:00:00Z,bahrain,Bahrain International Circuit,Sakhir,Bahrain,50.5106,26.0325
2023,2,Saudi Arabian Grand Prix,3/19/23,17:00:00Z,jeddah,Jeddah Corniche Circuit,Jeddah,Saudi Arabia,39.1044,21.6319
2023,3,Australian Grand Prix,4/2/23,05:00:00Z,albert_park,Albert Park Grand Prix Circuit,Melbourne,Australia,144.968,-37.8497
2023,4,Azerbaijan Grand Prix,4/30/23,11:00:00Z,baku,Baku City Circuit,Baku,Azerbaijan,49.8533,40.3725
2023,5,Miami Grand Prix,5/7/23,19:30:00Z,miami,Miami International Autodrome,Miami,USA,-80.2389,25.9581
2023,6,Monaco Grand Prix,5/28/23,13:00:00Z,monaco,Circuit de Monaco,Monte-Carlo,Monaco,7.42056,43.7347
2023,7,Spanish Grand Prix,6/4/23,13:00:00Z,catalunya,Circuit de Barcelona-Catalunya,Montmeló,Spain,2.26111,41.57
2023,8,Canadian Grand Prix,6/18/23,18:00:00Z,villeneuve,Circuit Gilles Villeneuve,Montreal,Canada,-73.5228,45.5
2023,9,Austrian Grand Prix,7/2/23,13:00:00Z,red_bull_ring,Red Bull Ring,Spielberg,Austria,14.7647,47.2197
2023,10,British Grand Prix,7/9/23,14:00:00Z,silverstone,Silverstone Circuit,Silverstone,UK,-1.01694,52.0786
2023,11,Hungarian Grand Prix,7/23/23,13:00:00Z,hungaroring,Hungaroring,Budapest,Hungary,19.2486,47.5789
2023,12,Belgian Grand Prix,7/30/23,13:00:00Z,spa,Circuit de Spa-Francorchamps,Spa,Belgium,5.97139,50.4372
2023,13,Dutch Grand Prix,8/27/23,13:00:00Z,zandvoort,Circuit Park Zandvoort,Zandvoort,Netherlands,4.54092,52.3888
2023,14,Italian Grand Prix,9/3/23,13:00:00Z,monza,Autodromo Nazionale di Monza,Monza,Italy,9.28111,45.6156
2023,15,Singapore Grand Prix,9/17/23,12:00:00Z,marina_bay,Marina Bay Street Circuit,Marina Bay,Singapore,103.864,1.2914
2023,16,Japanese Grand Prix,9/24/23,05:00:00Z,suzuka,Suzuka Circuit,Suzuka,Japan,136.541,34.8431
2023,17,Qatar Grand Prix,10/8/23,17:00:00Z,losail,Losail International Circuit,Al Daayen,Qatar,51.4542,25.49
2023,18,United States Grand Prix,10/22/23,19:00:00Z,americas,Circuit of the Americas,Austin,USA,-97.6411,30.1328
2023,19,Mexico City Grand Prix,10/29/23,20:00:00Z,rodriguez,Autódromo Hermanos Rodríguez,Mexico City,Mexico,-99.0907,19.4042
2023,20,São Paulo Grand Prix,11/5/23,17:00:00Z,interlagos,Autódromo José Carlos Pace,São Paulo,Brazil,-46.6997,-23.7036
2023,21,Las Vegas Grand Prix,11/19/23,06:00:00Z,vegas,Las Vegas Strip Street Circuit,Las Vegas,United States,-115.173,36.1147
2023,22,Abu Dhabi Grand Prix,11/26/23,13:00:00Z,yas_marina,Yas Marina Circuit,Abu Dhabi,UAE,54.6031,24.4672